artifact_id,original_filename,archived_path,artifact_type,source_location,source_version,original_timestamp_utc,size_bytes,sha256,preservation_status,evidence_classification,provenance_confidence,related_artifact_ids,notes
MSVE-0001,MSVE_v0.8.3_CANDIDATE_BUNDLE.zip,history-bank/source-snapshots/MSVE_v0.8.3_CANDIDATE_BUNDLE.zip,bundle-snapshot,/home/hatch/workspace/msve-design/MSVE_v0.8.3_CANDIDATE_BUNDLE.zip,NOT RECORDED,2026-10-09T16:07:51Z,228010,1d04b8989a7c4b647dc2fdf772316220dc06649329ce0e7964bf13b62d24c850,ORIGINAL-PRESERVED,ORIGINAL-PRESERVED / HASH-VERIFIED,HIGH,,Byte-identical copy verified against source at archival time
MSVE-0002,MSVE_v0.8_OWNER_REVIEW_BUNDLE.zip,history-bank/source-snapshots/MSVE_v0.8_OWNER_REVIEW_BUNDLE.zip,bundle-snapshot,/home/hatch/workspace/msve-design/MSVE_v0.8_OWNER_REVIEW_BUNDLE.zip,NOT RECORDED,2026-10-09T16:07:51Z,163035,8db37d26ed589722d8a6184b8613d1d2423745c5b346b9dd9430adc4dcf20aee,ORIGINAL-PRESERVED,ORIGINAL-PRESERVED / HASH-VERIFIED,HIGH,,Byte-identical copy verified against source at archival time
MSVE-0003,MSVE_v0.8_DESIGN_EVIDENCE_Part1_Spec.md,history-bank/reviews-and-audits/transfer/MSVE_v0.8_DESIGN_EVIDENCE_Part1_Spec.md,evidence-transfer,/home/hatch/workspace/msve-design/transfer/MSVE_v0.8_DESIGN_EVIDENCE_Part1_Spec.md,NOT RECORDED,2026-10-09T12:03:28Z,28645,c55d4d25398bedafb5e421b830adb5eb406ebb6d65af45b1bfd4ea7751f88108,ORIGINAL-PRESERVED,ORIGINAL-PRESERVED / HASH-VERIFIED,HIGH,,Byte-identical copy verified against source at archival time
MSVE-0004,MSVE_v0.8_DESIGN_EVIDENCE_Part2_Spec.md,history-bank/reviews-and-audits/transfer/MSVE_v0.8_DESIGN_EVIDENCE_Part2_Spec.md,evidence-transfer,/home/hatch/workspace/msve-design/transfer/MSVE_v0.8_DESIGN_EVIDENCE_Part2_Spec.md,NOT RECORDED,2026-10-09T12:03:28Z,22145,d2f97f6b1f57e2c36e552a65afd9ac605851e31b813fc7bc57fa4c8c10d5856f,ORIGINAL-PRESERVED,ORIGINAL-PRESERVED / HASH-VERIFIED,HIGH,,Byte-identical copy verified against source at archival time
MSVE-0005,MSVE_v0.8_DESIGN_EVIDENCE_Part3_Spec.md,history-bank/reviews-and-audits/transfer/MSVE_v0.8_DESIGN_EVIDENCE_Part3_Spec.md,evidence-transfer,/home/hatch/workspace/msve-design/transfer/MSVE_v0.8_DESIGN_EVIDENCE_Part3_Spec.md,NOT RECORDED,2026-10-09T12:03:28Z,25875,189ab35e538ca545472fee2829db32f3dc5c298f4dc89e64139c5cc607db47c1,ORIGINAL-PRESERVED,ORIGINAL-PRESERVED / HASH-VERIFIED,HIGH,,Byte-identical copy verified against source at archival time
MSVE-0006,MSVE_v0.8_DESIGN_EVIDENCE_Part4_Review-Matrix-Acceptance-Visualisation.md,history-bank/reviews-and-audits/transfer/MSVE_v0.8_DESIGN_EVIDENCE_Part4_Review-Matrix-Acceptance-Visualisation.md,evidence-transfer,/home/hatch/workspace/msve-design/transfer/MSVE_v0.8_DESIGN_EVIDENCE_Part4_Review-Matrix-Acceptance-Visualisation.md,NOT RECORDED,2026-10-09T12:03:28Z,29118,0c3a243d6e9500006227c99530a73c675a41749c9a9fcc906b959eaeba6b2d74,ORIGINAL-PRESERVED,ORIGINAL-PRESERVED / HASH-VERIFIED,HIGH,,Byte-identical copy verified against source at archival time
MSVE-0007,MSVE_v0.8_DESIGN_EVIDENCE_Part5_Ledger.md,history-bank/reviews-and-audits/transfer/MSVE_v0.8_DESIGN_EVIDENCE_Part5_Ledger.md,evidence-transfer,/home/hatch/workspace/msve-design/transfer/MSVE_v0.8_DESIGN_EVIDENCE_Part5_Ledger.md,NOT RECORDED,2026-10-09T12:03:28Z,18210,992e3e290f4e3b98d7ff319ee936849280f5b28b65f130c99683a495a60388a8,ORIGINAL-PRESERVED,ORIGINAL-PRESERVED / HASH-VERIFIED,HIGH,,Byte-identical copy verified against source at archival time
MSVE-0008,MSVE_v0.8_DESIGN_EVIDENCE_Part6_Ledger.md,history-bank/reviews-and-audits/transfer/MSVE_v0.8_DESIGN_EVIDENCE_Part6_Ledger.md,evidence-transfer,/home/hatch/workspace/msve-design/transfer/MSVE_v0.8_DESIGN_EVIDENCE_Part6_Ledger.md,NOT RECORDED,2026-10-09T12:03:28Z,16961,1023fe79a1c59f978ba1affd20e84ce592b7e43096afd7ff85ada85171eb55e4,ORIGINAL-PRESERVED,ORIGINAL-PRESERVED / HASH-VERIFIED,HIGH,,Byte-identical copy verified against source at archival time
MSVE-0009,MSVE_v0.8_M8_AUDIT_EVIDENCE_Part1_Overview.md,history-bank/reviews-and-audits/transfer/MSVE_v0.8_M8_AUDIT_EVIDENCE_Part1_Overview.md,evidence-transfer,/home/hatch/workspace/msve-design/transfer/MSVE_v0.8_M8_AUDIT_EVIDENCE_Part1_Overview.md,NOT RECORDED,2026-10-09T12:03:45Z,3251,f3bafe4a11190315e200929c72ecc679a6a42de83cddd70fa2e2f371ebc369e8,ORIGINAL-PRESERVED,ORIGINAL-PRESERVED / HASH-VERIFIED,HIGH,,Byte-identical copy verified against source at archival time
MSVE-0010,MSVE_v0.8_M8_AUDIT_EVIDENCE_Part2_Lexer-Grammar-CLI.md,history-bank/reviews-and-audits/transfer/MSVE_v0.8_M8_AUDIT_EVIDENCE_Part2_Lexer-Grammar-CLI.md,evidence-transfer,/home/hatch/workspace/msve-design/transfer/MSVE_v0.8_M8_AUDIT_EVIDENCE_Part2_Lexer-Grammar-CLI.md,NOT RECORDED,2026-10-09T12:03:49Z,18920,d5dc799805f1630219aa225c34babe6921c28242d13d9e4f269361e92c2800cf,ORIGINAL-PRESERVED,ORIGINAL-PRESERVED / HASH-VERIFIED,HIGH,,Byte-identical copy verified against source at archival time
MSVE-0011,MSVE_v0.8_M8_AUDIT_EVIDENCE_Part3_Parser.md,history-bank/reviews-and-audits/transfer/MSVE_v0.8_M8_AUDIT_EVIDENCE_Part3_Parser.md,evidence-transfer,/home/hatch/workspace/msve-design/transfer/MSVE_v0.8_M8_AUDIT_EVIDENCE_Part3_Parser.md,NOT RECORDED,2026-10-09T12:03:49Z,30416,80fe5446d41b54d56b5ebdecb9a9bde18f911190e74fe51aa91ea2d16f4a3d0d,ORIGINAL-PRESERVED,ORIGINAL-PRESERVED / HASH-VERIFIED,HIGH,,Byte-identical copy verified against source at archival time
MSVE-0012,MSVE_v0.8_M8_AUDIT_EVIDENCE_Part4_Resolve-Typecheck.md,history-bank/reviews-and-audits/transfer/MSVE_v0.8_M8_AUDIT_EVIDENCE_Part4_Resolve-Typecheck.md,evidence-transfer,/home/hatch/workspace/msve-design/transfer/MSVE_v0.8_M8_AUDIT_EVIDENCE_Part4_Resolve-Typecheck.md,NOT RECORDED,2026-10-09T12:03:49Z,44163,fc5d13002541f2e4b3bec52bb19e45f221c56cb0520a0bc4b03225fbd8f65981,ORIGINAL-PRESERVED,ORIGINAL-PRESERVED / HASH-VERIFIED,HIGH,,Byte-identical copy verified against source at archival time
MSVE-0013,MSVE_v0.8_M8_AUDIT_EVIDENCE_Part5_Canonical.md,history-bank/reviews-and-audits/transfer/MSVE_v0.8_M8_AUDIT_EVIDENCE_Part5_Canonical.md,evidence-transfer,/home/hatch/workspace/msve-design/transfer/MSVE_v0.8_M8_AUDIT_EVIDENCE_Part5_Canonical.md,NOT RECORDED,2026-10-09T12:03:49Z,13694,b6af9147a76591bb69deab64da46eb374f0df420d369eab430e74d315ea9416b,ORIGINAL-PRESERVED,ORIGINAL-PRESERVED / HASH-VERIFIED,HIGH,,Byte-identical copy verified against source at archival time
MSVE-0014,MSVE_v0.8_M8_AUDIT_EVIDENCE_Part6_Tests-Runs.md,history-bank/reviews-and-audits/transfer/MSVE_v0.8_M8_AUDIT_EVIDENCE_Part6_Tests-Runs.md,evidence-transfer,/home/hatch/workspace/msve-design/transfer/MSVE_v0.8_M8_AUDIT_EVIDENCE_Part6_Tests-Runs.md,NOT RECORDED,2026-10-09T12:03:49Z,16493,a3e5cd043015798c607c95aa710c68a5bad4730184c4136b3dbb0e174be96392,ORIGINAL-PRESERVED,ORIGINAL-PRESERVED / HASH-VERIFIED,HIGH,,Byte-identical copy verified against source at archival time
MSVE-0015,MSVE_v0.8_M8_AUDIT_EVIDENCE_Part7_Corpus.md,history-bank/reviews-and-audits/transfer/MSVE_v0.8_M8_AUDIT_EVIDENCE_Part7_Corpus.md,evidence-transfer,/home/hatch/workspace/msve-design/transfer/MSVE_v0.8_M8_AUDIT_EVIDENCE_Part7_Corpus.md,NOT RECORDED,2026-10-09T12:03:53Z,15874,c3f5b9be1590dac7714b0bc1c068c6ed10100edd81feaf66918586f62a0f4cce,ORIGINAL-PRESERVED,ORIGINAL-PRESERVED / HASH-VERIFIED,HIGH,,Byte-identical copy verified against source at archival time
MSVE-0016,MSVE_v0.8_REVIEW_TRACEABILITY_Part1_Matrix.md,history-bank/reviews-and-audits/transfer/MSVE_v0.8_REVIEW_TRACEABILITY_Part1_Matrix.md,review-report,/home/hatch/workspace/msve-design/transfer/MSVE_v0.8_REVIEW_TRACEABILITY_Part1_Matrix.md,NOT RECORDED,2026-10-09T12:03:58Z,10330,59abc2b832949c3f14f2133569c2597887a793bb97273dd20338565d34693972,ORIGINAL-PRESERVED,ORIGINAL-PRESERVED / HASH-VERIFIED,HIGH,,Byte-identical copy verified against source at archival time
MSVE-0017,MSVE_v0.8_REVIEW_TRACEABILITY_Part2_Defects.md,history-bank/reviews-and-audits/transfer/MSVE_v0.8_REVIEW_TRACEABILITY_Part2_Defects.md,review-report,/home/hatch/workspace/msve-design/transfer/MSVE_v0.8_REVIEW_TRACEABILITY_Part2_Defects.md,NOT RECORDED,2026-10-09T12:03:58Z,8086,3b1be94ad5de73595a8cbacc65c38f2e756e113c966d5163527b70aa3619a297,ORIGINAL-PRESERVED,ORIGINAL-PRESERVED / HASH-VERIFIED,HIGH,,Byte-identical copy verified against source at archival time
MSVE-0018,MSVE_v0.8_REVIEW_TRACEABILITY_Part3_Reviewer-A.md,history-bank/reviews-and-audits/transfer/MSVE_v0.8_REVIEW_TRACEABILITY_Part3_Reviewer-A.md,review-report,/home/hatch/workspace/msve-design/transfer/MSVE_v0.8_REVIEW_TRACEABILITY_Part3_Reviewer-A.md,NOT RECORDED,2026-10-09T12:03:58Z,18971,f2f1e448c519d091c1ca8514121f2e3670707c50db437205e2dc2df18841626a,ORIGINAL-PRESERVED,ORIGINAL-PRESERVED / HASH-VERIFIED,HIGH,,Byte-identical copy verified against source at archival time
MSVE-0019,MSVE_v0.8_REVIEW_TRACEABILITY_Part4_Reviewer-B.md,history-bank/reviews-and-audits/transfer/MSVE_v0.8_REVIEW_TRACEABILITY_Part4_Reviewer-B.md,review-report,/home/hatch/workspace/msve-design/transfer/MSVE_v0.8_REVIEW_TRACEABILITY_Part4_Reviewer-B.md,NOT RECORDED,2026-10-09T12:03:58Z,15387,930f071f32006b8d534018deb5a117cd88ccfcb8a97cbfa97023d4b0616f668f,ORIGINAL-PRESERVED,ORIGINAL-PRESERVED / HASH-VERIFIED,HIGH,,Byte-identical copy verified against source at archival time
MSVE-0020,MSVE_v0.8_REVIEW_TRACEABILITY_Part5_Reviewer-C.md,history-bank/reviews-and-audits/transfer/MSVE_v0.8_REVIEW_TRACEABILITY_Part5_Reviewer-C.md,review-report,/home/hatch/workspace/msve-design/transfer/MSVE_v0.8_REVIEW_TRACEABILITY_Part5_Reviewer-C.md,NOT RECORDED,2026-10-09T12:03:58Z,16788,4b76b5d743b93fac8a34c4e62d152acb8054e4b0368bc6556f171a8dbec30ed6,ORIGINAL-PRESERVED,ORIGINAL-PRESERVED / HASH-VERIFIED,HIGH,,Byte-identical copy verified against source at archival time
MSVE-0021,MSVE_v0.8_REVIEW_TRACEABILITY_Part6_Reviewer-D.md,history-bank/reviews-and-audits/transfer/MSVE_v0.8_REVIEW_TRACEABILITY_Part6_Reviewer-D.md,review-report,/home/hatch/workspace/msve-design/transfer/MSVE_v0.8_REVIEW_TRACEABILITY_Part6_Reviewer-D.md,NOT RECORDED,2026-10-09T12:03:58Z,9864,f3d6255a00d17539b2e90fd038c86dc7e1038f4ae5e8c3c68a083feaee8a10b0,ORIGINAL-PRESERVED,ORIGINAL-PRESERVED / HASH-VERIFIED,HIGH,,Byte-identical copy verified against source at archival time
MSVE-0022,MSVE_v0.8_SPEC_PRIORITY_SECTIONS.md,history-bank/reviews-and-audits/transfer/MSVE_v0.8_SPEC_PRIORITY_SECTIONS.md,report,/home/hatch/workspace/msve-design/transfer/MSVE_v0.8_SPEC_PRIORITY_SECTIONS.md,NOT RECORDED,2026-10-09T12:23:55Z,31902,1b9f663c1a5e12e671338d1dc1420be1e75fdc5c6075880f1d7811ebdd9eeb0e,ORIGINAL-PRESERVED,ORIGINAL-PRESERVED / HASH-VERIFIED,HIGH,,Byte-identical copy verified against source at archival time
MSVE-0023,MSVE_v0.8_TRANSFER_HANDOFF.md,history-bank/reviews-and-audits/transfer/MSVE_v0.8_TRANSFER_HANDOFF.md,handoff,/home/hatch/workspace/msve-design/transfer/MSVE_v0.8_TRANSFER_HANDOFF.md,NOT RECORDED,2026-10-09T12:04:34Z,3953,5b57bff5b3d2029884bf5f951f57091d0e55903802dfa6c36b01d6dba77d0fab,ORIGINAL-PRESERVED,ORIGINAL-PRESERVED / HASH-VERIFIED,HIGH,,Byte-identical copy verified against source at archival time
MSVE-0024,MSVE_v0.8_TRANSFER_INDEX.md,history-bank/reviews-and-audits/transfer/MSVE_v0.8_TRANSFER_INDEX.md,report,/home/hatch/workspace/msve-design/transfer/MSVE_v0.8_TRANSFER_INDEX.md,NOT RECORDED,2026-10-09T12:03:18Z,26699,72cf6db101cf2369cd5b3138abf51f29a3df35ebedf4cfcf63db677fc953596f,ORIGINAL-PRESERVED,ORIGINAL-PRESERVED / HASH-VERIFIED,HIGH,,Byte-identical copy verified against source at archival time
MSVE-0025,BUNDLE_CHECKSUM.txt,history-bank/reviews-and-audits/owner-review/BUNDLE_CHECKSUM.txt,report,/home/hatch/workspace/msve-design/owner-review/BUNDLE_CHECKSUM.txt,NOT RECORDED,2026-10-09T11:52:41Z,100,00314aef1f77716ae5283b2f07bb636f331ebdb436bdc6d71cda99c7b849d7b8,ORIGINAL-PRESERVED,ORIGINAL-PRESERVED / HASH-VERIFIED,HIGH,,Byte-identical copy verified against source at archival time
MSVE-0026,MSVE_v0.8_DEFECT_TRACEABILITY.md,history-bank/reviews-and-audits/owner-review/MSVE_v0.8_DEFECT_TRACEABILITY.md,report,/home/hatch/workspace/msve-design/owner-review/MSVE_v0.8_DEFECT_TRACEABILITY.md,NOT RECORDED,2026-10-09T11:52:26Z,7805,bce08e419d38d354bfb61aeb916ea60f8a0fd3a3532bea6190d2ac81477b3b4a,ORIGINAL-PRESERVED,ORIGINAL-PRESERVED / HASH-VERIFIED,HIGH,,Byte-identical copy verified against source at archival time
MSVE-0027,MSVE_v0.8_OWNER_REVIEW_HANDOFF.md,history-bank/reviews-and-audits/owner-review/MSVE_v0.8_OWNER_REVIEW_HANDOFF.md,handoff,/home/hatch/workspace/msve-design/owner-review/MSVE_v0.8_OWNER_REVIEW_HANDOFF.md,NOT RECORDED,2026-10-09T11:52:32Z,3421,2489fcddcf6299cc6647e9df7ffd1efa163ced6baf9ccc7206015574a971cc97,ORIGINAL-PRESERVED,ORIGINAL-PRESERVED / HASH-VERIFIED,HIGH,,Byte-identical copy verified against source at archival time
MSVE-0028,MSVE_v0.8_OWNER_REVIEW_MANIFEST.json,history-bank/reviews-and-audits/owner-review/MSVE_v0.8_OWNER_REVIEW_MANIFEST.json,machine-manifest,/home/hatch/workspace/msve-design/owner-review/MSVE_v0.8_OWNER_REVIEW_MANIFEST.json,NOT RECORDED,2026-10-09T11:52:38Z,34592,2e16fc84df8f5796b27995f7ed2a46cad0d13b9422e7c7973fc8c58bc3181327,ORIGINAL-PRESERVED,ORIGINAL-PRESERVED / HASH-VERIFIED,HIGH,,Byte-identical copy verified against source at archival time
MSVE-0029,MSVE_v0.8_OWNER_REVIEW_MANIFEST.md,history-bank/reviews-and-audits/owner-review/MSVE_v0.8_OWNER_REVIEW_MANIFEST.md,manifest,/home/hatch/workspace/msve-design/owner-review/MSVE_v0.8_OWNER_REVIEW_MANIFEST.md,NOT RECORDED,2026-10-09T11:52:38Z,10847,e1799eea4116b394ffe71308daff00b5891c629c99258e9a6c1772052c2b68c8,ORIGINAL-PRESERVED,ORIGINAL-PRESERVED / HASH-VERIFIED,HIGH,,Byte-identical copy verified against source at archival time
MSVE-0030,MSVE_v0.8_READINESS_EVIDENCE_MATRIX.md,history-bank/reviews-and-audits/owner-review/MSVE_v0.8_READINESS_EVIDENCE_MATRIX.md,evidence-transfer,/home/hatch/workspace/msve-design/owner-review/MSVE_v0.8_READINESS_EVIDENCE_MATRIX.md,NOT RECORDED,2026-10-09T11:52:11Z,10060,c7ae4fdfad4568e0f142156906369c34242dc67df94f9df3a8ffe542a4a9840e,ORIGINAL-PRESERVED,ORIGINAL-PRESERVED / HASH-VERIFIED,HIGH,,Byte-identical copy verified against source at archival time
MSVE-0031,PROVENANCE.md,history-bank/reviews-and-audits/owner-review/reviewer-reports/PROVENANCE.md,review-report,/home/hatch/workspace/msve-design/owner-review/reviewer-reports/PROVENANCE.md,NOT RECORDED,2026-10-09T11:51:42Z,1855,64cf27bb19f2da2aee92327f7a94fd9afb5641c21c38bc67ced6e3bdad05d2b3,ORIGINAL-PRESERVED,ORIGINAL-PRESERVED / HASH-VERIFIED,HIGH,,Byte-identical copy verified against source at archival time
MSVE-0032,reviewer-A-grammar-type-system.md,history-bank/reviews-and-audits/owner-review/reviewer-reports/reviewer-A-grammar-type-system.md,review-report,/home/hatch/workspace/msve-design/owner-review/reviewer-reports/reviewer-A-grammar-type-system.md,NOT RECORDED,2026-10-09T11:51:42Z,16710,6b0ba84a054b5c162a9ce21f8a732684da93be319bc2600ae1506100949277c3,ORIGINAL-PRESERVED,ORIGINAL-PRESERVED / HASH-VERIFIED,HIGH,,Byte-identical copy verified against source at archival time
MSVE-0033,reviewer-B-canonical-numerics.md,history-bank/reviews-and-audits/owner-review/reviewer-reports/reviewer-B-canonical-numerics.md,review-report,/home/hatch/workspace/msve-design/owner-review/reviewer-reports/reviewer-B-canonical-numerics.md,NOT RECORDED,2026-10-09T11:51:42Z,13127,ae19e969e2bcff4e05c3228b4fc0b21c5a6648bb1e66f0fc51ab5108b63d282d,ORIGINAL-PRESERVED,ORIGINAL-PRESERVED / HASH-VERIFIED,HIGH,,Byte-identical copy verified against source at archival time
MSVE-0034,reviewer-C-validator-contracts.md,history-bank/reviews-and-audits/owner-review/reviewer-reports/reviewer-C-validator-contracts.md,review-report,/home/hatch/workspace/msve-design/owner-review/reviewer-reports/reviewer-C-validator-contracts.md,NOT RECORDED,2026-10-09T11:51:42Z,14527,492e5abec293c0287678487f2bc813ed393684b0c0f7fd26f29d6052ab753cc5,ORIGINAL-PRESERVED,ORIGINAL-PRESERVED / HASH-VERIFIED,HIGH,,Byte-identical copy verified against source at archival time
MSVE-0035,reviewer-D-cross-document.md,history-bank/reviews-and-audits/owner-review/reviewer-reports/reviewer-D-cross-document.md,review-report,/home/hatch/workspace/msve-design/owner-review/reviewer-reports/reviewer-D-cross-document.md,NOT RECORDED,2026-10-09T11:51:42Z,7608,7fd0b96a44b55f8f294df9f7144510c2a3d9481c11b56e0f188a31e327893ebb,ORIGINAL-PRESERVED,ORIGINAL-PRESERVED / HASH-VERIFIED,HIGH,,Byte-identical copy verified against source at archival time
MSVE-0036,corpus-per-case.json,history-bank/reviews-and-audits/owner-review/logs/corpus-per-case.json,machine-manifest,/home/hatch/workspace/msve-design/owner-review/logs/corpus-per-case.json,NOT RECORDED,2026-10-09T11:51:34Z,6960,cb89116b75f0d3fd28025c8e21d76a49e6aab5b4bd52cc1d524a0e5ee7384379,ORIGINAL-PRESERVED,ORIGINAL-PRESERVED / HASH-VERIFIED,HIGH,,Byte-identical copy verified against source at archival time
MSVE-0037,corpus.log,history-bank/reviews-and-audits/owner-review/logs/corpus.log,log,/home/hatch/workspace/msve-design/owner-review/logs/corpus.log,NOT RECORDED,2026-10-09T11:51:20Z,1592,ec4ac2624e57e80e9db75968c30fa1f12b1c2b84c8c3bdd2dfb321f5338d8805,ORIGINAL-PRESERVED,ORIGINAL-PRESERVED / HASH-VERIFIED,HIGH,,Byte-identical copy verified against source at archival time
MSVE-0038,grammar-conformance.log,history-bank/reviews-and-audits/owner-review/logs/grammar-conformance.log,log,/home/hatch/workspace/msve-design/owner-review/logs/grammar-conformance.log,NOT RECORDED,2026-10-09T11:51:20Z,130,e8a81a50f38b57ed706baa536e40db1a2c21f14fb1e1b560ffad91521c1f947a,ORIGINAL-PRESERVED,ORIGINAL-PRESERVED / HASH-VERIFIED,HIGH,,Byte-identical copy verified against source at archival time
MSVE-0039,runtime.txt,history-bank/reviews-and-audits/owner-review/logs/runtime.txt,report,/home/hatch/workspace/msve-design/owner-review/logs/runtime.txt,NOT RECORDED,2026-10-09T11:51:17Z,196,30927729f2ef9c8a8afc4be0a67959c2c4cf1b89d2221946034b111d824b5434,ORIGINAL-PRESERVED,ORIGINAL-PRESERVED / HASH-VERIFIED,HIGH,,Byte-identical copy verified against source at archival time
MSVE-0040,spec-examples.log,history-bank/reviews-and-audits/owner-review/logs/spec-examples.log,log,/home/hatch/workspace/msve-design/owner-review/logs/spec-examples.log,NOT RECORDED,2026-10-09T11:51:20Z,397,71198002aec6944fb7c71d835384a8911ecf5c68b314af92615b6b4bae7e12b3,ORIGINAL-PRESERVED,ORIGINAL-PRESERVED / HASH-VERIFIED,HIGH,,Byte-identical copy verified against source at archival time
MSVE-0041,test-canonical.log,history-bank/reviews-and-audits/owner-review/logs/test-canonical.log,log,/home/hatch/workspace/msve-design/owner-review/logs/test-canonical.log,NOT RECORDED,2026-10-09T11:51:20Z,71,3e169d871d00846cb3ab67c210df87141b063a4a9f078511be342198276ba175,ORIGINAL-PRESERVED,ORIGINAL-PRESERVED / HASH-VERIFIED,HIGH,,Byte-identical copy verified against source at archival time
MSVE-0042,test-grammar-conformance.log,history-bank/reviews-and-audits/owner-review/logs/test-grammar-conformance.log,log,/home/hatch/workspace/msve-design/owner-review/logs/test-grammar-conformance.log,NOT RECORDED,2026-10-09T11:51:20Z,89,54b43e44e147848997ff8dd00e95b9ef60a6ab2a54f6ef4662716ae9ed4a13fc,ORIGINAL-PRESERVED,ORIGINAL-PRESERVED / HASH-VERIFIED,HIGH,,Byte-identical copy verified against source at archival time
MSVE-0043,check_f64.py,history-bank/models-and-validators/tools/check_f64.py,model-or-script,/home/hatch/workspace/msve-design/tools/check_f64.py,NOT RECORDED,2026-10-09T10:59:38Z,3544,ff3b5b14b791f02cbc9b0367fb4ae06302e7ac175bb6e81ab2ecb155e31dc4bd,ORIGINAL-PRESERVED,ORIGINAL-PRESERVED / HASH-VERIFIED,HIGH,,Byte-identical copy verified against source at archival time
MSVE-0044,check_grammar.py,history-bank/models-and-validators/tools/check_grammar.py,model-or-script,/home/hatch/workspace/msve-design/tools/check_grammar.py,NOT RECORDED,2026-10-09T10:36:04Z,1744,3dee4cb9cea23e4b334248d9ab049e48f512318bdc4912ddf7254d9ded26b128,ORIGINAL-PRESERVED,ORIGINAL-PRESERVED / HASH-VERIFIED,HIGH,,Byte-identical copy verified against source at archival time
MSVE-0045,check_identifiers.py,history-bank/models-and-validators/tools/check_identifiers.py,model-or-script,/home/hatch/workspace/msve-design/tools/check_identifiers.py,NOT RECORDED,2026-10-09T10:59:20Z,3446,e18de3988f2cd2e3cc4a8a81d0994ec62471b8d732c80bab43800609f0553da1,ORIGINAL-PRESERVED,ORIGINAL-PRESERVED / HASH-VERIFIED,HIGH,,Byte-identical copy verified against source at archival time
MSVE-0046,README.md,history-bank/models-and-validators/m8/README.md,report,/home/hatch/workspace/msve-design/m8/README.md,NOT RECORDED,2026-10-09T11:30:19Z,3896,772d0993a3782e1fc7a386eb5e787afd708265815cd5e63346f08aafbe71f7ad,ORIGINAL-PRESERVED,ORIGINAL-PRESERVED / HASH-VERIFIED,HIGH,,Byte-identical copy verified against source at archival time
MSVE-0047,__init__.py,history-bank/models-and-validators/m8/__init__.py,model-or-script,/home/hatch/workspace/msve-design/m8/__init__.py,NOT RECORDED,2026-10-09T11:26:34Z,67,5112fc6e78b2210dd05786169172e4b917f2d1e8457e41699d70cc4c3a0a859b,ORIGINAL-PRESERVED,ORIGINAL-PRESERVED / HASH-VERIFIED,HIGH,,Byte-identical copy verified against source at archival time
MSVE-0048,canonical.py,history-bank/models-and-validators/m8/canonical.py,model-or-script,/home/hatch/workspace/msve-design/m8/canonical.py,NOT RECORDED,2026-10-09T11:38:26Z,13480,af9a82bf81e72737f1245c272a7f3f342e3453765d858f699ed3cb6dce995349,ORIGINAL-PRESERVED,ORIGINAL-PRESERVED / HASH-VERIFIED,HIGH,,Byte-identical copy verified against source at archival time
MSVE-0049,cli.py,history-bank/models-and-validators/m8/cli.py,model-or-script,/home/hatch/workspace/msve-design/m8/cli.py,NOT RECORDED,2026-10-09T11:32:47Z,5930,000732a10a61903e0173efd10c098a78958c4bdebeedeacef26eb8f1b193e4ec,ORIGINAL-PRESERVED,ORIGINAL-PRESERVED / HASH-VERIFIED,HIGH,,Byte-identical copy verified against source at archival time
MSVE-0050,grammar.py,history-bank/models-and-validators/m8/grammar.py,model-or-script,/home/hatch/workspace/msve-design/m8/grammar.py,NOT RECORDED,2026-10-09T11:42:26Z,6321,df26d22d8d97c02f2bbd7cc2655b94eb3f1a9bf9d233fcc31b687fb34e814336,ORIGINAL-PRESERVED,ORIGINAL-PRESERVED / HASH-VERIFIED,HIGH,,Byte-identical copy verified against source at archival time
MSVE-0051,lexer.py,history-bank/models-and-validators/m8/lexer.py,model-or-script,/home/hatch/workspace/msve-design/m8/lexer.py,NOT RECORDED,2026-10-09T11:43:45Z,6375,ef708b0e69c4e97e29221984f3be690463c22619d1e5d28225cf01d2cfbea3b2,ORIGINAL-PRESERVED,ORIGINAL-PRESERVED / HASH-VERIFIED,HIGH,,Byte-identical copy verified against source at archival time
MSVE-0052,parser.py,history-bank/models-and-validators/m8/parser.py,model-or-script,/home/hatch/workspace/msve-design/m8/parser.py,NOT RECORDED,2026-10-09T11:42:30Z,30216,7728b2882a5ee154fc3011a26a7e3c78bb03aadf4beb543cda36e54238a22a1f,ORIGINAL-PRESERVED,ORIGINAL-PRESERVED / HASH-VERIFIED,HIGH,,Byte-identical copy verified against source at archival time
MSVE-0053,resolve.py,history-bank/models-and-validators/m8/resolve.py,model-or-script,/home/hatch/workspace/msve-design/m8/resolve.py,NOT RECORDED,2026-10-09T11:41:50Z,7428,a4b29048a580498e41b5e299adec518f2923e2122b9584b0a5e2849300c9a813,ORIGINAL-PRESERVED,ORIGINAL-PRESERVED / HASH-VERIFIED,HIGH,,Byte-identical copy verified against source at archival time
MSVE-0054,typecheck.py,history-bank/models-and-validators/m8/typecheck.py,model-or-script,/home/hatch/workspace/msve-design/m8/typecheck.py,NOT RECORDED,2026-10-09T11:43:51Z,36470,ff280999176918aa0366b7a391636835da80721702300e1bddd8d6706711f975,ORIGINAL-PRESERVED,ORIGINAL-PRESERVED / HASH-VERIFIED,HIGH,,Byte-identical copy verified against source at archival time
MSVE-0055,__init__.py,history-bank/models-and-validators/m8/tests/__init__.py,model-or-script,/home/hatch/workspace/msve-design/m8/tests/__init__.py,NOT RECORDED,2026-10-09T11:27:10Z,1556,671207b454c364a330090bef92fa92bf28eb83f053670499e1d85c2068ad0c6c,ORIGINAL-PRESERVED,ORIGINAL-PRESERVED / HASH-VERIFIED,HIGH,,Byte-identical copy verified against source at archival time
MSVE-0056,test_canonical.py,history-bank/models-and-validators/m8/tests/test_canonical.py,model-or-script,/home/hatch/workspace/msve-design/m8/tests/test_canonical.py,NOT RECORDED,2026-10-09T11:38:39Z,4807,f7a1ed6a7c01b0627b559bc152d5e3c5bb3e4deffc926d4803dea0179f272c3b,ORIGINAL-PRESERVED,ORIGINAL-PRESERVED / HASH-VERIFIED,HIGH,,Byte-identical copy verified against source at archival time
MSVE-0057,test_grammar_conformance.py,history-bank/models-and-validators/m8/tests/test_grammar_conformance.py,model-or-script,/home/hatch/workspace/msve-design/m8/tests/test_grammar_conformance.py,NOT RECORDED,2026-10-09T11:27:12Z,1326,c6cda78f566b582f6d4d1675821ee3771c7e7f5a1627dd00a02d7016af03f0d3,ORIGINAL-PRESERVED,ORIGINAL-PRESERVED / HASH-VERIFIED,HIGH,,Byte-identical copy verified against source at archival time
MSVE-0058,2026-10-09-m8-build.md,history-bank/models-and-validators/m8/runs/2026-10-09-m8-build.md,report,/home/hatch/workspace/msve-design/m8/runs/2026-10-09-m8-build.md,NOT RECORDED,2026-10-09T11:30:13Z,2739,8bdf657b670e07b33a32687cc82af46056627814ed3439a55aa2c5974789df92,ORIGINAL-PRESERVED,ORIGINAL-PRESERVED / HASH-VERIFIED,HIGH,,Byte-identical copy verified against source at archival time
MSVE-0059,phase0-capability-probe.md,history-bank/models-and-validators/m8/runs/phase0-capability-probe.md,report,/home/hatch/workspace/msve-design/m8/runs/phase0-capability-probe.md,NOT RECORDED,2026-10-09T11:23:23Z,1694,49e820fca06a3ff262fb277fde47d2b098ce98a349fb5e6968a97f7df272d004,ORIGINAL-PRESERVED,ORIGINAL-PRESERVED / HASH-VERIFIED,HIGH,,Byte-identical copy verified against source at archival time
MSVE-0060,arith-div-int-exact.msve,history-bank/models-and-validators/m8/corpus/arith-div-int-exact.msve,test-corpus-case,/home/hatch/workspace/msve-design/m8/corpus/arith-div-int-exact.msve,NOT RECORDED,2026-10-09T11:28:34Z,176,16835fce950231cb9591a24a6842ad7bdd0df426f12e5a08116ea1964961da96,ORIGINAL-PRESERVED,ORIGINAL-PRESERVED / HASH-VERIFIED,HIGH,,Byte-identical copy verified against source at archival time
MSVE-0061,arith-mixed-real-nat.msve,history-bank/models-and-validators/m8/corpus/arith-mixed-real-nat.msve,test-corpus-case,/home/hatch/workspace/msve-design/m8/corpus/arith-mixed-real-nat.msve,NOT RECORDED,2026-10-09T11:28:34Z,180,45d99dd2f2b846816a465f9bcc79f7b70d39061fcc181b322a4ddb21106fb7a1,ORIGINAL-PRESERVED,ORIGINAL-PRESERVED / HASH-VERIFIED,HIGH,,Byte-identical copy verified against source at archival time
MSVE-0062,arith-nat-int-embed.msve,history-bank/models-and-validators/m8/corpus/arith-nat-int-embed.msve,test-corpus-case,/home/hatch/workspace/msve-design/m8/corpus/arith-nat-int-embed.msve,NOT RECORDED,2026-10-09T11:28:34Z,177,ed3f28f2faaf8e691742dbde2a9566a2241845eb7339044040a1b3cea4b4783d,ORIGINAL-PRESERVED,ORIGINAL-PRESERVED / HASH-VERIFIED,HIGH,,Byte-identical copy verified against source at archival time
MSVE-0063,arith-neg3-plus2.msve,history-bank/models-and-validators/m8/corpus/arith-neg3-plus2.msve,test-corpus-case,/home/hatch/workspace/msve-design/m8/corpus/arith-neg3-plus2.msve,NOT RECORDED,2026-10-09T11:28:34Z,174,b5098e87e7126a798833494b86f66296192ec1f846bff2174783cb448b7b5d51,ORIGINAL-PRESERVED,ORIGINAL-PRESERVED / HASH-VERIFIED,HIGH,,Byte-identical copy verified against source at archival time
MSVE-0064,arith-unary-minus-nat.msve,history-bank/models-and-validators/m8/corpus/arith-unary-minus-nat.msve,test-corpus-case,/home/hatch/workspace/msve-design/m8/corpus/arith-unary-minus-nat.msve,NOT RECORDED,2026-10-09T11:28:34Z,175,866adefd32bbce859d0fa8e024c5453dfa6fdf7c156389371f1708acc90b946f,ORIGINAL-PRESERVED,ORIGINAL-PRESERVED / HASH-VERIFIED,HIGH,,Byte-identical copy verified against source at archival time
MSVE-0065,bare-quantifier.msve,history-bank/models-and-validators/m8/corpus/bare-quantifier.msve,test-corpus-case,/home/hatch/workspace/msve-design/m8/corpus/bare-quantifier.msve,NOT RECORDED,2026-10-09T11:28:34Z,198,fde406385f5b510aa39c5fcade88065176df19fb265837947062658173ae71b9,ORIGINAL-PRESERVED,ORIGINAL-PRESERVED / HASH-VERIFIED,HIGH,,Byte-identical copy verified against source at archival time
MSVE-0066,call-local-fn.msve,history-bank/models-and-validators/m8/corpus/call-local-fn.msve,test-corpus-case,/home/hatch/workspace/msve-design/m8/corpus/call-local-fn.msve,NOT RECORDED,2026-10-09T11:44:03Z,245,4d4b6de3545eceddebc1fa4c0ae812815ecb72f9392ed1064f853dc1682582cd,ORIGINAL-PRESERVED,ORIGINAL-PRESERVED / HASH-VERIFIED,HIGH,,Byte-identical copy verified against source at archival time
MSVE-0067,case-ok.msve,history-bank/models-and-validators/m8/corpus/case-ok.msve,test-corpus-case,/home/hatch/workspace/msve-design/m8/corpus/case-ok.msve,NOT RECORDED,2026-10-09T11:28:34Z,203,57327cb0b536fa4d6f1e71fd59216de8a104472bfd9ec959f9798d9fc03272cf,ORIGINAL-PRESERVED,ORIGINAL-PRESERVED / HASH-VERIFIED,HIGH,,Byte-identical copy verified against source at archival time
MSVE-0068,define-shadow-builtin.msve,history-bank/models-and-validators/m8/corpus/define-shadow-builtin.msve,test-corpus-case,/home/hatch/workspace/msve-design/m8/corpus/define-shadow-builtin.msve,NOT RECORDED,2026-10-09T11:43:27Z,179,a886a3939b0bdc452c080fde0adf01e9cf5bacdc2974e719dcc4970abacc32d7,ORIGINAL-PRESERVED,ORIGINAL-PRESERVED / HASH-VERIFIED,HIGH,,Byte-identical copy verified against source at archival time
MSVE-0069,f64-neg-zero-exp.msve,history-bank/models-and-validators/m8/corpus/f64-neg-zero-exp.msve,test-corpus-case,/home/hatch/workspace/msve-design/m8/corpus/f64-neg-zero-exp.msve,NOT RECORDED,2026-10-09T11:28:34Z,193,d4086b4a418d34e0c583929f71e686fa2751415b8e00d95dc2d60d5b6e52a2d3,ORIGINAL-PRESERVED,ORIGINAL-PRESERVED / HASH-VERIFIED,HIGH,,Byte-identical copy verified against source at archival time
MSVE-0070,f64-normal-form-subnormal.msve,history-bank/models-and-validators/m8/corpus/f64-normal-form-subnormal.msve,test-corpus-case,/home/hatch/workspace/msve-design/m8/corpus/f64-normal-form-subnormal.msve,NOT RECORDED,2026-10-09T11:28:34Z,205,d4e9da4a39bb223b4c693ed4fe9887dd7577629001a698dd7b131c7748990241,ORIGINAL-PRESERVED,ORIGINAL-PRESERVED / HASH-VERIFIED,HIGH,,Byte-identical copy verified against source at archival time
MSVE-0071,f64-subtraction-no-spaces.msve,history-bank/models-and-validators/m8/corpus/f64-subtraction-no-spaces.msve,test-corpus-case,/home/hatch/workspace/msve-design/m8/corpus/f64-subtraction-no-spaces.msve,NOT RECORDED,2026-10-09T11:43:27Z,226,d27bc859be0de5a68ce90195b3aa1549a9413e8e96324c0612c52df16d9f8870,ORIGINAL-PRESERVED,ORIGINAL-PRESERVED / HASH-VERIFIED,HIGH,,Byte-identical copy verified against source at archival time
MSVE-0072,f64-upper-hex.msve,history-bank/models-and-validators/m8/corpus/f64-upper-hex.msve,test-corpus-case,/home/hatch/workspace/msve-design/m8/corpus/f64-upper-hex.msve,NOT RECORDED,2026-10-09T11:28:34Z,190,34fb34d7579ba7a5ef3b3289db7f5226c9ab4207cd2dbc4cf8ac4c67b5f1cb16,ORIGINAL-PRESERVED,ORIGINAL-PRESERVED / HASH-VERIFIED,HIGH,,Byte-identical copy verified against source at archival time
MSVE-0073,f64-valid.msve,history-bank/models-and-validators/m8/corpus/f64-valid.msve,test-corpus-case,/home/hatch/workspace/msve-design/m8/corpus/f64-valid.msve,NOT RECORDED,2026-10-09T11:28:34Z,186,be3a0be79268d710d2e520dc854cb082989ab3edc3e574bbede3c76b3f0b6c2e,ORIGINAL-PRESERVED,ORIGINAL-PRESERVED / HASH-VERIFIED,HIGH,,Byte-identical copy verified against source at archival time
MSVE-0074,gen_corpus.py,history-bank/models-and-validators/m8/corpus/gen_corpus.py,model-or-script,/home/hatch/workspace/msve-design/m8/corpus/gen_corpus.py,NOT RECORDED,2026-10-09T11:28:33Z,6589,abb752f4f025e00aa079a5b630a9800329accc3a36f5908457916b493f62d0b4,ORIGINAL-PRESERVED,ORIGINAL-PRESERVED / HASH-VERIFIED,HIGH,,Byte-identical copy verified against source at archival time
MSVE-0075,is_some-ok.msve,history-bank/models-and-validators/m8/corpus/is_some-ok.msve,test-corpus-case,/home/hatch/workspace/msve-design/m8/corpus/is_some-ok.msve,NOT RECORDED,2026-10-09T11:28:34Z,179,46429699d75f8feb039fd6df001713098626dc4fe0347d2cba7a4cc4817f0cdc,ORIGINAL-PRESERVED,ORIGINAL-PRESERVED / HASH-VERIFIED,HIGH,,Byte-identical copy verified against source at archival time
MSVE-0076,let-ok.msve,history-bank/models-and-validators/m8/corpus/let-ok.msve,test-corpus-case,/home/hatch/workspace/msve-design/m8/corpus/let-ok.msve,NOT RECORDED,2026-10-09T11:28:34Z,176,4293e41c321e8cc4330fe7a38b7d7a784fb87e241b2eeddcf5017f1f2fddb7b4,ORIGINAL-PRESERVED,ORIGINAL-PRESERVED / HASH-VERIFIED,HIGH,,Byte-identical copy verified against source at archival time
MSVE-0077,limits-steps-zero.msve,history-bank/models-and-validators/m8/corpus/limits-steps-zero.msve,test-corpus-case,/home/hatch/workspace/msve-design/m8/corpus/limits-steps-zero.msve,NOT RECORDED,2026-10-09T11:43:27Z,165,f335778d3a710073fbc05af36f9a0971a187172a37aeef6d8a9e29f297c6ae95,ORIGINAL-PRESERVED,ORIGINAL-PRESERVED / HASH-VERIFIED,HIGH,,Byte-identical copy verified against source at archival time
MSVE-0078,limits-timeout-range.msve,history-bank/models-and-validators/m8/corpus/limits-timeout-range.msve,test-corpus-case,/home/hatch/workspace/msve-design/m8/corpus/limits-timeout-range.msve,NOT RECORDED,2026-10-09T11:43:27Z,160,1589216d5d75c8b4d5cafb3dbca9daf93b5545aeb4a058d4e1b19908e0a00229,ORIGINAL-PRESERVED,ORIGINAL-PRESERVED / HASH-VERIFIED,HIGH,,Byte-identical copy verified against source at archival time
MSVE-0079,manifest.json,history-bank/models-and-validators/m8/corpus/manifest.json,machine-manifest,/home/hatch/workspace/msve-design/m8/corpus/manifest.json,NOT RECORDED,2026-10-09T11:44:17Z,3920,6e9b0cfc2fac77d91d67f282a29716e04e33d9e44efbf306761ae44bce18249c,ORIGINAL-PRESERVED,ORIGINAL-PRESERVED / HASH-VERIFIED,HIGH,,Byte-identical copy verified against source at archival time
MSVE-0080,proj-path-unresolvable.msve,history-bank/models-and-validators/m8/corpus/proj-path-unresolvable.msve,test-corpus-case,/home/hatch/workspace/msve-design/m8/corpus/proj-path-unresolvable.msve,NOT RECORDED,2026-10-09T11:44:13Z,290,39fd319917333ddf4e9d8a45c4485774c7cd7d7d94e7144a5a19fee8ba0f7966,ORIGINAL-PRESERVED,ORIGINAL-PRESERVED / HASH-VERIFIED,HIGH,,Byte-identical copy verified against source at archival time
MSVE-0081,quant-nested-ok.msve,history-bank/models-and-validators/m8/corpus/quant-nested-ok.msve,test-corpus-case,/home/hatch/workspace/msve-design/m8/corpus/quant-nested-ok.msve,NOT RECORDED,2026-10-09T11:28:34Z,232,6a90e918e0b7c9beb72213d8fc959e4b580b81585076b658ac44040e23eb6789,ORIGINAL-PRESERVED,ORIGINAL-PRESERVED / HASH-VERIFIED,HIGH,,Byte-identical copy verified against source at archival time
MSVE-0082,quant-option-domain.msve,history-bank/models-and-validators/m8/corpus/quant-option-domain.msve,test-corpus-case,/home/hatch/workspace/msve-design/m8/corpus/quant-option-domain.msve,NOT RECORDED,2026-10-09T11:43:27Z,231,0ddd766a3bb726547bb938f0cee6415a02ee0449f5f3c500ad1a107d99a0185f,ORIGINAL-PRESERVED,ORIGINAL-PRESERVED / HASH-VERIFIED,HIGH,,Byte-identical copy verified against source at archival time
MSVE-0083,quant-parens-ok.msve,history-bank/models-and-validators/m8/corpus/quant-parens-ok.msve,test-corpus-case,/home/hatch/workspace/msve-design/m8/corpus/quant-parens-ok.msve,NOT RECORDED,2026-10-09T11:28:34Z,200,76f730bf000712f06369478e2b297e559cc3697fa0daec8ebe844ce1e13eebcd,ORIGINAL-PRESERVED,ORIGINAL-PRESERVED / HASH-VERIFIED,HIGH,,Byte-identical copy verified against source at archival time
MSVE-0084,range-ok.msve,history-bank/models-and-validators/m8/corpus/range-ok.msve,test-corpus-case,/home/hatch/workspace/msve-design/m8/corpus/range-ok.msve,NOT RECORDED,2026-10-09T11:28:34Z,171,835e7931bff351834e043865d5f074a293c28b1217b1d2586faaa3b51202d75d,ORIGINAL-PRESERVED,ORIGINAL-PRESERVED / HASH-VERIFIED,HIGH,,Byte-identical copy verified against source at archival time
MSVE-0085,record-dup-field.msve,history-bank/models-and-validators/m8/corpus/record-dup-field.msve,test-corpus-case,/home/hatch/workspace/msve-design/m8/corpus/record-dup-field.msve,NOT RECORDED,2026-10-09T11:28:34Z,214,81de72a6563605a9eda206246e55d318d1982a9fbc5bc1465ce570f6dc5f002e,ORIGINAL-PRESERVED,ORIGINAL-PRESERVED / HASH-VERIFIED,HIGH,,Byte-identical copy verified against source at archival time
MSVE-0086,record-field-type-mismatch.msve,history-bank/models-and-validators/m8/corpus/record-field-type-mismatch.msve,test-corpus-case,/home/hatch/workspace/msve-design/m8/corpus/record-field-type-mismatch.msve,NOT RECORDED,2026-10-09T11:28:34Z,227,40151e4d734a6e4cd9092845c5828ef01a39ea546018081323bebf4e587c482a,ORIGINAL-PRESERVED,ORIGINAL-PRESERVED / HASH-VERIFIED,HIGH,,Byte-identical copy verified against source at archival time
MSVE-0087,record-infer.msve,history-bank/models-and-validators/m8/corpus/record-infer.msve,test-corpus-case,/home/hatch/workspace/msve-design/m8/corpus/record-infer.msve,NOT RECORDED,2026-10-09T11:28:34Z,175,90664295714b6c561a25be47b4dcdb8529e1110dca2b6b0dbb02ee1be90ddcb0,ORIGINAL-PRESERVED,ORIGINAL-PRESERVED / HASH-VERIFIED,HIGH,,Byte-identical copy verified against source at archival time
MSVE-0088,record-missing-field.msve,history-bank/models-and-validators/m8/corpus/record-missing-field.msve,test-corpus-case,/home/hatch/workspace/msve-design/m8/corpus/record-missing-field.msve,NOT RECORDED,2026-10-09T11:28:34Z,212,1c88a6801188da519029515da86e08232f89c3543f2f141d7297be43ea796bfe,ORIGINAL-PRESERVED,ORIGINAL-PRESERVED / HASH-VERIFIED,HIGH,,Byte-identical copy verified against source at archival time
MSVE-0089,record-nested.msve,history-bank/models-and-validators/m8/corpus/record-nested.msve,test-corpus-case,/home/hatch/workspace/msve-design/m8/corpus/record-nested.msve,NOT RECORDED,2026-10-09T11:28:34Z,258,abc86bff4f4f57f7e1e6818c090cf6016401fb18e2bd21a8dc1eed1be98b5880,ORIGINAL-PRESERVED,ORIGINAL-PRESERVED / HASH-VERIFIED,HIGH,,Byte-identical copy verified against source at archival time
MSVE-0090,record-ok.msve,history-bank/models-and-validators/m8/corpus/record-ok.msve,test-corpus-case,/home/hatch/workspace/msve-design/m8/corpus/record-ok.msve,NOT RECORDED,2026-10-09T11:28:34Z,207,ebc4558753174eb1b42f45e75424df12950696b6e4e995f9be470550f4f21428,ORIGINAL-PRESERVED,ORIGINAL-PRESERVED / HASH-VERIFIED,HIGH,,Byte-identical copy verified against source at archival time
MSVE-0091,record-unknown-field.msve,history-bank/models-and-validators/m8/corpus/record-unknown-field.msve,test-corpus-case,/home/hatch/workspace/msve-design/m8/corpus/record-unknown-field.msve,NOT RECORDED,2026-10-09T11:28:34Z,224,6a24a88bdaeea39060dbb52b8760a9faffa95634d94bf81d56ab94fc91fc9f14,ORIGINAL-PRESERVED,ORIGINAL-PRESERVED / HASH-VERIFIED,HIGH,,Byte-identical copy verified against source at archival time
MSVE-0092,string-escape-not-short.msve,history-bank/models-and-validators/m8/corpus/string-escape-not-short.msve,test-corpus-case,/home/hatch/workspace/msve-design/m8/corpus/string-escape-not-short.msve,NOT RECORDED,2026-10-09T11:28:34Z,186,bc14176513025946cd527e1db4d1b21bb2c6fb9fdb7dee9dd3248901c045c756,ORIGINAL-PRESERVED,ORIGINAL-PRESERVED / HASH-VERIFIED,HIGH,,Byte-identical copy verified against source at archival time
MSVE-0093,string-escape-upper.msve,history-bank/models-and-validators/m8/corpus/string-escape-upper.msve,test-corpus-case,/home/hatch/workspace/msve-design/m8/corpus/string-escape-upper.msve,NOT RECORDED,2026-10-09T11:28:34Z,182,c5f6552400dc6e9330cbed014fadd1d3da9d690307692dcdc1cb412ecf861dee,ORIGINAL-PRESERVED,ORIGINAL-PRESERVED / HASH-VERIFIED,HIGH,,Byte-identical copy verified against source at archival time
MSVE-0094,string-ok.msve,history-bank/models-and-validators/m8/corpus/string-ok.msve,test-corpus-case,/home/hatch/workspace/msve-design/m8/corpus/string-ok.msve,NOT RECORDED,2026-10-09T11:28:34Z,170,aa5749091226528167384ccf213304a4f00d942180c30933699b7f21e009e154,ORIGINAL-PRESERVED,ORIGINAL-PRESERVED / HASH-VERIFIED,HIGH,,Byte-identical copy verified against source at archival time
MSVE-0095,to_rat-ok.msve,history-bank/models-and-validators/m8/corpus/to_rat-ok.msve,test-corpus-case,/home/hatch/workspace/msve-design/m8/corpus/to_rat-ok.msve,NOT RECORDED,2026-10-09T11:28:34Z,172,7c0f0199ce55cc6a15f69dbbd6fd1b0a0c3eb3c3438d5b84e2b358fcb8379fb2,ORIGINAL-PRESERVED,ORIGINAL-PRESERVED / HASH-VERIFIED,HIGH,,Byte-identical copy verified against source at archival time
MSVE-0096,type-cyclic-alias.msve,history-bank/models-and-validators/m8/corpus/type-cyclic-alias.msve,test-corpus-case,/home/hatch/workspace/msve-design/m8/corpus/type-cyclic-alias.msve,NOT RECORDED,2026-10-09T11:43:27Z,177,5950a0f48ebb47b3c4b13407e6307654a9176b49f8036053e7ba3cfae14e947a,ORIGINAL-PRESERVED,ORIGINAL-PRESERVED / HASH-VERIFIED,HIGH,,Byte-identical copy verified against source at archival time
MSVE-0097,type-unbound-name.msve,history-bank/models-and-validators/m8/corpus/type-unbound-name.msve,test-corpus-case,/home/hatch/workspace/msve-design/m8/corpus/type-unbound-name.msve,NOT RECORDED,2026-10-09T11:43:27Z,183,d919d3a852ef3b87c43717b4af5cb33e4b0d9d94d7804fe3156b1fc35eda92eb,ORIGINAL-PRESERVED,ORIGINAL-PRESERVED / HASH-VERIFIED,HIGH,,Byte-identical copy verified against source at archival time
MSVE-0098,unbound-ident.msve,history-bank/models-and-validators/m8/corpus/unbound-ident.msve,test-corpus-case,/home/hatch/workspace/msve-design/m8/corpus/unbound-ident.msve,NOT RECORDED,2026-10-09T11:28:34Z,179,caf261e05e502134838c8a3f6bab12bf8d4c43cbeac1ae15e72c7dfd9e371221,ORIGINAL-PRESERVED,ORIGINAL-PRESERVED / HASH-VERIFIED,HIGH,,Byte-identical copy verified against source at archival time
MSVE-0099,v07-ex0.msve,history-bank/models-and-validators/m8/corpus/v07-ex0.msve,test-corpus-case,/home/hatch/workspace/msve-design/m8/corpus/v07-ex0.msve,NOT RECORDED,2026-10-09T11:28:54Z,246,ef4745e1977fd7b945cf5a040772c8773fb5823e4335d2e6b74a671245a59f40,ORIGINAL-PRESERVED,ORIGINAL-PRESERVED / HASH-VERIFIED,HIGH,,Byte-identical copy verified against source at archival time
MSVE-0100,v07-ex1.msve,history-bank/models-and-validators/m8/corpus/v07-ex1.msve,test-corpus-case,/home/hatch/workspace/msve-design/m8/corpus/v07-ex1.msve,NOT RECORDED,2026-10-09T11:28:54Z,324,81c16982016c39d1cf7a8d69b1d03aa03d7f7623b3b3ceb9020a30d5c07a257f,ORIGINAL-PRESERVED,ORIGINAL-PRESERVED / HASH-VERIFIED,HIGH,,Byte-identical copy verified against source at archival time
MSVE-0101,v07-ex2.msve,history-bank/models-and-validators/m8/corpus/v07-ex2.msve,test-corpus-case,/home/hatch/workspace/msve-design/m8/corpus/v07-ex2.msve,NOT RECORDED,2026-10-09T11:28:54Z,327,58d4b9c90ab46751c27a1bba460f9c3a38432f3dd6dda35cdd00d96bff724ca3,ORIGINAL-PRESERVED,ORIGINAL-PRESERVED / HASH-VERIFIED,HIGH,,Byte-identical copy verified against source at archival time
MSVE-0102,v07-ex3.msve,history-bank/models-and-validators/m8/corpus/v07-ex3.msve,test-corpus-case,/home/hatch/workspace/msve-design/m8/corpus/v07-ex3.msve,NOT RECORDED,2026-10-09T11:28:54Z,1409,a8490f13a3276d7ef177e37b8cde9ec259b679e69a846878e810b192291cddc0,ORIGINAL-PRESERVED,ORIGINAL-PRESERVED / HASH-VERIFIED,HIGH,,Byte-identical copy verified against source at archival time
MSVE-0103,v07-ex4.msve,history-bank/models-and-validators/m8/corpus/v07-ex4.msve,test-corpus-case,/home/hatch/workspace/msve-design/m8/corpus/v07-ex4.msve,NOT RECORDED,2026-10-09T11:28:54Z,371,6b6b922ce66d9d6e729b8e99da63f5893e48bc9854156aa406864f5e789b4a09,ORIGINAL-PRESERVED,ORIGINAL-PRESERVED / HASH-VERIFIED,HIGH,,Byte-identical copy verified against source at archival time
MSVE-0104,v07-ex5.msve,history-bank/models-and-validators/m8/corpus/v07-ex5.msve,test-corpus-case,/home/hatch/workspace/msve-design/m8/corpus/v07-ex5.msve,NOT RECORDED,2026-10-09T11:28:54Z,2334,561b2d4d8802671a4dc97751c7a34b74521062f27a1793bb53d55b00ac29f2d7,ORIGINAL-PRESERVED,ORIGINAL-PRESERVED / HASH-VERIFIED,HIGH,,Byte-identical copy verified against source at archival time
MSVE-0105,verif-assurance-level-a-needs-proof.msve,history-bank/models-and-validators/m8/corpus/verif-assurance-level-a-needs-proof.msve,test-corpus-case,/home/hatch/workspace/msve-design/m8/corpus/verif-assurance-level-a-needs-proof.msve,NOT RECORDED,2026-10-09T11:28:34Z,200,3ee6d939a26bd48f42e5181d2cc48d155f249d0aa0a31845119e7ed87ba5d2a8,ORIGINAL-PRESERVED,ORIGINAL-PRESERVED / HASH-VERIFIED,HIGH,,Byte-identical copy verified against source at archival time
MSVE-0106,verif-assurance-level-a-unavailable.msve,history-bank/models-and-validators/m8/corpus/verif-assurance-level-a-unavailable.msve,test-corpus-case,/home/hatch/workspace/msve-design/m8/corpus/verif-assurance-level-a-unavailable.msve,NOT RECORDED,2026-10-09T11:43:59Z,342,6861aacd4af3bd82650c68fe0af5488bfa0d42ae05a4bb5176cb5a3018449778,ORIGINAL-PRESERVED,ORIGINAL-PRESERVED / HASH-VERIFIED,HIGH,,Byte-identical copy verified against source at archival time
MSVE-0107,verif-cases-zero.msve,history-bank/models-and-validators/m8/corpus/verif-cases-zero.msve,test-corpus-case,/home/hatch/workspace/msve-design/m8/corpus/verif-cases-zero.msve,NOT RECORDED,2026-10-09T11:28:34Z,207,c341436d8bd572cc5e86da40fcc2c06b3e56865930b33b252f1986a246b3594c,ORIGINAL-PRESERVED,ORIGINAL-PRESERVED / HASH-VERIFIED,HIGH,,Byte-identical copy verified against source at archival time
MSVE-0108,verif-diff-plus-fuzz.msve,history-bank/models-and-validators/m8/corpus/verif-diff-plus-fuzz.msve,test-corpus-case,/home/hatch/workspace/msve-design/m8/corpus/verif-diff-plus-fuzz.msve,NOT RECORDED,2026-10-09T11:28:34Z,263,18e9ab0742650f06c22448528ac28d3327c86c3367464ccbbf765c3a597031bc,ORIGINAL-PRESERVED,ORIGINAL-PRESERVED / HASH-VERIFIED,HIGH,,Byte-identical copy verified against source at archival time
MSVE-0109,verif-duplicate-test.msve,history-bank/models-and-validators/m8/corpus/verif-duplicate-test.msve,test-corpus-case,/home/hatch/workspace/msve-design/m8/corpus/verif-duplicate-test.msve,NOT RECORDED,2026-10-09T11:28:34Z,256,e6f1eabd5612a45e1800d11d7c3ace39fb6b7e899681e389364ff1eda1a7bd8e,ORIGINAL-PRESERVED,ORIGINAL-PRESERVED / HASH-VERIFIED,HIGH,,Byte-identical copy verified against source at archival time
MSVE-0110,verif-proof-conflict.msve,history-bank/models-and-validators/m8/corpus/verif-proof-conflict.msve,test-corpus-case,/home/hatch/workspace/msve-design/m8/corpus/verif-proof-conflict.msve,NOT RECORDED,2026-10-09T11:28:34Z,209,2e079927528f2b6aee46d7df41a827e5185d593c0b466b350d9efe42dcb9425f,ORIGINAL-PRESERVED,ORIGINAL-PRESERVED / HASH-VERIFIED,HIGH,,Byte-identical copy verified against source at archival time
MSVE-0111,verif-qualifier-default.msve,history-bank/models-and-validators/m8/corpus/verif-qualifier-default.msve,test-corpus-case,/home/hatch/workspace/msve-design/m8/corpus/verif-qualifier-default.msve,NOT RECORDED,2026-10-09T11:28:34Z,188,5f81757c93cf2b7f76fdaf851346657ec3ceab16d0e98e778ebe3878e6ef6c84,ORIGINAL-PRESERVED,ORIGINAL-PRESERVED / HASH-VERIFIED,HIGH,,Byte-identical copy verified against source at archival time
MSVE-0112,verif-recompute-conflict.msve,history-bank/models-and-validators/m8/corpus/verif-recompute-conflict.msve,test-corpus-case,/home/hatch/workspace/msve-design/m8/corpus/verif-recompute-conflict.msve,NOT RECORDED,2026-10-09T11:28:34Z,212,a1fd871f37084a7e1fa73f0478b0d8e020fee28e49eee884a97f5bf23c7fa021,ORIGINAL-PRESERVED,ORIGINAL-PRESERVED / HASH-VERIFIED,HIGH,,Byte-identical copy verified against source at archival time
MSVE-0113,verif-test-none-conflict.msve,history-bank/models-and-validators/m8/corpus/verif-test-none-conflict.msve,test-corpus-case,/home/hatch/workspace/msve-design/m8/corpus/verif-test-none-conflict.msve,NOT RECORDED,2026-10-09T11:28:34Z,223,3e5a0f59ba93125d48c48f9285897104545dcc246e2ab3ad9f0ce2bdf6ff1968,ORIGINAL-PRESERVED,ORIGINAL-PRESERVED / HASH-VERIFIED,HIGH,,Byte-identical copy verified against source at archival time
MSVE-0114,inv-bare-quant.msve,history-bank/models-and-validators/m8/corpus/v08/inv-bare-quant.msve,test-corpus-case,/home/hatch/workspace/msve-design/m8/corpus/v08/inv-bare-quant.msve,NOT RECORDED,2026-10-09T11:32:39Z,216,1d81cea39c930f54a9373bce08f6ee19501de243ca9b7fc10b3d7acad5f950b2,ORIGINAL-PRESERVED,ORIGINAL-PRESERVED / HASH-VERIFIED,HIGH,,Byte-identical copy verified against source at archival time
MSVE-0115,inv-f64-negzero.msve,history-bank/models-and-validators/m8/corpus/v08/inv-f64-negzero.msve,test-corpus-case,/home/hatch/workspace/msve-design/m8/corpus/v08/inv-f64-negzero.msve,NOT RECORDED,2026-10-09T11:32:39Z,212,13c6f20d48d424988a1e365ab0231901888a35bd2e8fb201c52e06d07cf31ff0,ORIGINAL-PRESERVED,ORIGINAL-PRESERVED / HASH-VERIFIED,HIGH,,Byte-identical copy verified against source at archival time
MSVE-0116,inv-mixed-arith.msve,history-bank/models-and-validators/m8/corpus/v08/inv-mixed-arith.msve,test-corpus-case,/home/hatch/workspace/msve-design/m8/corpus/v08/inv-mixed-arith.msve,NOT RECORDED,2026-10-09T11:32:39Z,192,961edd0488022dc32857e4ebe0dae1afa1fefb13178ad19e61f059e5702ec689,ORIGINAL-PRESERVED,ORIGINAL-PRESERVED / HASH-VERIFIED,HIGH,,Byte-identical copy verified against source at archival time
MSVE-0117,inv-proof-conflict.msve,history-bank/models-and-validators/m8/corpus/v08/inv-proof-conflict.msve,test-corpus-case,/home/hatch/workspace/msve-design/m8/corpus/v08/inv-proof-conflict.msve,NOT RECORDED,2026-10-09T11:32:39Z,229,8117f902102629d42dd58f72cb650338a4dfba2e7c2abe646dff1abfe858248d,ORIGINAL-PRESERVED,ORIGINAL-PRESERVED / HASH-VERIFIED,HIGH,,Byte-identical copy verified against source at archival time
MSVE-0118,inv-unbound.msve,history-bank/models-and-validators/m8/corpus/v08/inv-unbound.msve,test-corpus-case,/home/hatch/workspace/msve-design/m8/corpus/v08/inv-unbound.msve,NOT RECORDED,2026-10-09T11:32:39Z,205,2db5a8b38091c6207026d9739e368acb8d0837864a748ca4be572b5f52a4785a,ORIGINAL-PRESERVED,ORIGINAL-PRESERVED / HASH-VERIFIED,HIGH,,Byte-identical copy verified against source at archival time
MSVE-0119,v08-ex0.msve,history-bank/models-and-validators/m8/corpus/v08/v08-ex0.msve,test-corpus-case,/home/hatch/workspace/msve-design/m8/corpus/v08/v08-ex0.msve,NOT RECORDED,2026-10-09T11:32:23Z,246,ee00d8589dec21f233aff23670930b3b05bc2c753ffadf09e385396892b0c3cd,ORIGINAL-PRESERVED,ORIGINAL-PRESERVED / HASH-VERIFIED,HIGH,,Byte-identical copy verified against source at archival time
MSVE-0120,v08-ex1.msve,history-bank/models-and-validators/m8/corpus/v08/v08-ex1.msve,test-corpus-case,/home/hatch/workspace/msve-design/m8/corpus/v08/v08-ex1.msve,NOT RECORDED,2026-10-09T11:32:23Z,324,3baf22938deb3b0957b9377367718b3a173e14142aabe2ae0532f5fb53cd06f5,ORIGINAL-PRESERVED,ORIGINAL-PRESERVED / HASH-VERIFIED,HIGH,,Byte-identical copy verified against source at archival time
MSVE-0121,v08-ex2.msve,history-bank/models-and-validators/m8/corpus/v08/v08-ex2.msve,test-corpus-case,/home/hatch/workspace/msve-design/m8/corpus/v08/v08-ex2.msve,NOT RECORDED,2026-10-09T11:32:23Z,327,608e97689fc650effad75c604eafc26383eb6dd9319fd7fbd99d468aa31adce1,ORIGINAL-PRESERVED,ORIGINAL-PRESERVED / HASH-VERIFIED,HIGH,,Byte-identical copy verified against source at archival time
MSVE-0122,v08-ex3.msve,history-bank/models-and-validators/m8/corpus/v08/v08-ex3.msve,test-corpus-case,/home/hatch/workspace/msve-design/m8/corpus/v08/v08-ex3.msve,NOT RECORDED,2026-10-09T11:32:23Z,1406,42abbf513beae79ff2087b41d5a53b30b7c5cd7a7e8e40a7a3a1171afcecb228,ORIGINAL-PRESERVED,ORIGINAL-PRESERVED / HASH-VERIFIED,HIGH,,Byte-identical copy verified against source at archival time
MSVE-0123,v08-ex4.msve,history-bank/models-and-validators/m8/corpus/v08/v08-ex4.msve,test-corpus-case,/home/hatch/workspace/msve-design/m8/corpus/v08/v08-ex4.msve,NOT RECORDED,2026-10-09T11:32:23Z,371,7dada2f68a7da4827dd81db843b6efe271a30a3f4f7c705743ab686bc2edb55a,ORIGINAL-PRESERVED,ORIGINAL-PRESERVED / HASH-VERIFIED,HIGH,,Byte-identical copy verified against source at archival time
MSVE-0124,v08-ex5.msve,history-bank/models-and-validators/m8/corpus/v08/v08-ex5.msve,test-corpus-case,/home/hatch/workspace/msve-design/m8/corpus/v08/v08-ex5.msve,NOT RECORDED,2026-10-09T11:32:26Z,2420,f285f44e59f2ad1635dc1bb546fae87cb4fa82ba866e8fdf7b6374f68f9b3c7b,ORIGINAL-PRESERVED,ORIGINAL-PRESERVED / HASH-VERIFIED,HIGH,,Byte-identical copy verified against source at archival time
MSVE-0125,MSVE_WORK_ORDER_0.8.3_DRAFT.md,history-bank/work-orders/MSVE_WORK_ORDER_0.8.3_DRAFT.md,report,/home/hatch/workspace/msve-design/MSVE_WORK_ORDER_0.8.3_DRAFT.md,NOT RECORDED,2026-10-09T16:07:51Z,13018,05de74c1098726f2541c87ba0dc29983cf410e082fc6fad6b45f1102712c3c8b,ORIGINAL-PRESERVED,ORIGINAL-PRESERVED / HASH-VERIFIED,HIGH,,Byte-identical copy verified against source at archival time
MSVE-0126,MSVE_DESIGN_SPEC_v0.8.md,history-bank/work-orders/work-order-0.8.8.1-candidate/MSVE_DESIGN_SPEC_v0.8.md,report,/home/hatch/workspace/msve-design/work-order-0.8.8.1-candidate/MSVE_DESIGN_SPEC_v0.8.md,NOT RECORDED,2026-10-09T14:50:19Z,96366,dbc610c3a97d7107ab0f4de499b240e243f45c49b56f0a1855b7333c80cb7782,ORIGINAL-PRESERVED,ORIGINAL-PRESERVED / HASH-VERIFIED,HIGH,,Byte-identical copy verified against source at archival time
MSVE-0127,MSVE_v0.8.8.1_CANDIDATE_MANIFEST.json,history-bank/work-orders/work-order-0.8.8.1-candidate/MSVE_v0.8.8.1_CANDIDATE_MANIFEST.json,machine-manifest,/home/hatch/workspace/msve-design/work-order-0.8.8.1-candidate/MSVE_v0.8.8.1_CANDIDATE_MANIFEST.json,NOT RECORDED,2026-10-09T14:52:52Z,2604,2c40f860e34387b0b2dfd1dc8a3e8f260455a6f178f7a4affcc9ef8d0f00e7ee,ORIGINAL-PRESERVED,ORIGINAL-PRESERVED / HASH-VERIFIED,HIGH,,Byte-identical copy verified against source at archival time
MSVE-0128,MSVE_v0.8.8.1_DESCRIPTOR_MATRIX.md,history-bank/work-orders/work-order-0.8.8.1-candidate/MSVE_v0.8.8.1_DESCRIPTOR_MATRIX.md,report,/home/hatch/workspace/msve-design/work-order-0.8.8.1-candidate/MSVE_v0.8.8.1_DESCRIPTOR_MATRIX.md,NOT RECORDED,2026-10-09T14:49:14Z,1131,dbb8b38af2330e5cc0e8e1213231a51cb48e15fa7ad3e9a34e51390a84e6333a,ORIGINAL-PRESERVED,ORIGINAL-PRESERVED / HASH-VERIFIED,HIGH,,Byte-identical copy verified against source at archival time
MSVE-0129,MSVE_v0.8.8.1_FINAL_HANDOFF.md,history-bank/work-orders/work-order-0.8.8.1-candidate/MSVE_v0.8.8.1_FINAL_HANDOFF.md,handoff,/home/hatch/workspace/msve-design/work-order-0.8.8.1-candidate/MSVE_v0.8.8.1_FINAL_HANDOFF.md,NOT RECORDED,2026-10-09T15:01:47Z,2034,0fc7d61ef05c56b4f8a56c79f45cb3345486b04ce5384141db934abc23277cfc,ORIGINAL-PRESERVED,ORIGINAL-PRESERVED / HASH-VERIFIED,HIGH,,Byte-identical copy verified against source at archival time
MSVE-0130,MSVE_v0.8.8.1_FINAL_MANIFEST.json,history-bank/work-orders/work-order-0.8.8.1-candidate/MSVE_v0.8.8.1_FINAL_MANIFEST.json,machine-manifest,/home/hatch/workspace/msve-design/work-order-0.8.8.1-candidate/MSVE_v0.8.8.1_FINAL_MANIFEST.json,NOT RECORDED,2026-10-09T15:01:41Z,2818,44915c5a101aa12f6cece79c027153ad63b75d050c509073e7cd026cbade72be,ORIGINAL-PRESERVED,ORIGINAL-PRESERVED / HASH-VERIFIED,HIGH,,Byte-identical copy verified against source at archival time
MSVE-0131,MSVE_v0.8.8.1_LINKAGE_MATRIX.md,history-bank/work-orders/work-order-0.8.8.1-candidate/MSVE_v0.8.8.1_LINKAGE_MATRIX.md,report,/home/hatch/workspace/msve-design/work-order-0.8.8.1-candidate/MSVE_v0.8.8.1_LINKAGE_MATRIX.md,NOT RECORDED,2026-10-09T14:49:18Z,913,ae9adbb7e5c45604a888f8ca3f07e0eb06c108e87389c814668cc8d95562973f,ORIGINAL-PRESERVED,ORIGINAL-PRESERVED / HASH-VERIFIED,HIGH,,Byte-identical copy verified against source at archival time
MSVE-0132,MSVE_v0.8.8.1_MODEL_REVIEW.md,history-bank/work-orders/work-order-0.8.8.1-candidate/MSVE_v0.8.8.1_MODEL_REVIEW.md,review-report,/home/hatch/workspace/msve-design/work-order-0.8.8.1-candidate/MSVE_v0.8.8.1_MODEL_REVIEW.md,NOT RECORDED,2026-10-09T14:52:47Z,2555,5fe16ba74ace45cd7fe336211ed867185dad49e7741d45c0e93a50a3b5209826,ORIGINAL-PRESERVED,ORIGINAL-PRESERVED / HASH-VERIFIED,HIGH,,Byte-identical copy verified against source at archival time
MSVE-0133,MSVE_v0.8.8.1_NORMATIVE_REVIEW.md,history-bank/work-orders/work-order-0.8.8.1-candidate/MSVE_v0.8.8.1_NORMATIVE_REVIEW.md,review-report,/home/hatch/workspace/msve-design/work-order-0.8.8.1-candidate/MSVE_v0.8.8.1_NORMATIVE_REVIEW.md,NOT RECORDED,2026-10-09T14:50:40Z,2677,8a3b8dffe3e69171ac5382b3db10c46f9c9b86dc86c9662a9090d79d298e9943,ORIGINAL-PRESERVED,ORIGINAL-PRESERVED / HASH-VERIFIED,HIGH,,Byte-identical copy verified against source at archival time
MSVE-0134,MSVE_v0.8.8.1_OUTCOME_MATRIX.md,history-bank/work-orders/work-order-0.8.8.1-candidate/MSVE_v0.8.8.1_OUTCOME_MATRIX.md,report,/home/hatch/workspace/msve-design/work-order-0.8.8.1-candidate/MSVE_v0.8.8.1_OUTCOME_MATRIX.md,NOT RECORDED,2026-10-09T14:49:09Z,984,e5e2fb1f9f6bc7ca31c4d4c246b81c5013a369a85002902ae6db6c1641190d76,ORIGINAL-PRESERVED,ORIGINAL-PRESERVED / HASH-VERIFIED,HIGH,,Byte-identical copy verified against source at archival time
MSVE-0135,MSVE_v0.8.8.1_OWNER_HANDOFF.md,history-bank/work-orders/work-order-0.8.8.1-candidate/MSVE_v0.8.8.1_OWNER_HANDOFF.md,handoff,/home/hatch/workspace/msve-design/work-order-0.8.8.1-candidate/MSVE_v0.8.8.1_OWNER_HANDOFF.md,NOT RECORDED,2026-10-09T14:52:58Z,2625,433de3a16d18332960a4d84966d4c04f7c6f259e62cbb9d4bebafd555fdf48af,ORIGINAL-PRESERVED,ORIGINAL-PRESERVED / HASH-VERIFIED,HIGH,,Byte-identical copy verified against source at archival time
MSVE-0136,MSVE_v0.8.8.1_RECONCILIATION.md,history-bank/work-orders/work-order-0.8.8.1-candidate/MSVE_v0.8.8.1_RECONCILIATION.md,report,/home/hatch/workspace/msve-design/work-order-0.8.8.1-candidate/MSVE_v0.8.8.1_RECONCILIATION.md,NOT RECORDED,2026-10-09T15:01:37Z,2426,483e3992a39afccf589b3f315c7d2d9f9f1737f66ffa200371d2a80ae54f361f,ORIGINAL-PRESERVED,ORIGINAL-PRESERVED / HASH-VERIFIED,HIGH,,Byte-identical copy verified against source at archival time
MSVE-0137,audit_model_0881.py,history-bank/work-orders/work-order-0.8.8.1-candidate/audit_model_0881.py,model-or-script,/home/hatch/workspace/msve-design/work-order-0.8.8.1-candidate/audit_model_0881.py,NOT RECORDED,2026-10-09T14:52:30Z,21788,fc6eb49f50eae04595495af05058d52f7c27b0d5b29aa3e16254a33f66be31ae,ORIGINAL-PRESERVED,ORIGINAL-PRESERVED / HASH-VERIFIED,HIGH,,Byte-identical copy verified against source at archival time
MSVE-0138,run_audit_0881.py,history-bank/work-orders/work-order-0.8.8.1-candidate/run_audit_0881.py,model-or-script,/home/hatch/workspace/msve-design/work-order-0.8.8.1-candidate/run_audit_0881.py,NOT RECORDED,2026-10-09T14:52:39Z,10120,c750ef5c37a132893908c1bfaf4070e67d5a842e7043684e95f05a1936711f83,ORIGINAL-PRESERVED,ORIGINAL-PRESERVED / HASH-VERIFIED,HIGH,,Byte-identical copy verified against source at archival time
MSVE-0139,run_audit_0881_raw.log,history-bank/work-orders/work-order-0.8.8.1-candidate/run_audit_0881_raw.log,raw-log,/home/hatch/workspace/msve-design/work-order-0.8.8.1-candidate/run_audit_0881_raw.log,NOT RECORDED,2026-10-09T14:52:52Z,852,525cd40667f96be4d297f5be39a8c02e72ddf7f1644b7e3a31c73006082b480a,ORIGINAL-PRESERVED,ORIGINAL-PRESERVED / HASH-VERIFIED,HIGH,,Byte-identical copy verified against source at archival time
MSVE-0140,sat_models_0881.json,history-bank/work-orders/work-order-0.8.8.1-candidate/sat_models_0881.json,machine-manifest,/home/hatch/workspace/msve-design/work-order-0.8.8.1-candidate/sat_models_0881.json,NOT RECORDED,2026-10-09T14:52:52Z,7613,f67c8dbfd26e39b77edb85c6e6177341847bcbb89ddd106e1461b383587748e0,ORIGINAL-PRESERVED,ORIGINAL-PRESERVED / HASH-VERIFIED,HIGH,,Byte-identical copy verified against source at archival time
MSVE-0141,MSVE_DESIGN_SPEC_v0.8.md,history-bank/work-orders/work-order-0.8.8-candidate/MSVE_DESIGN_SPEC_v0.8.md,report,/home/hatch/workspace/msve-design/work-order-0.8.8-candidate/MSVE_DESIGN_SPEC_v0.8.md,NOT RECORDED,2026-10-09T14:42:09Z,95530,69828cb4c1048f2e233d6d6fefeecc86b4a1e337e6566405293e65d8eef2505f,ORIGINAL-PRESERVED,ORIGINAL-PRESERVED / HASH-VERIFIED,HIGH,,Byte-identical copy verified against source at archival time
MSVE-0142,MSVE_v0.8.8_CANDIDATE_MANIFEST.json,history-bank/work-orders/work-order-0.8.8-candidate/MSVE_v0.8.8_CANDIDATE_MANIFEST.json,machine-manifest,/home/hatch/workspace/msve-design/work-order-0.8.8-candidate/MSVE_v0.8.8_CANDIDATE_MANIFEST.json,NOT RECORDED,2026-10-09T14:43:31Z,3099,518ba4ec0421e7a6f72e3ee2558f8839a12dbac2e2fab7c7d4174e5266de18ee,ORIGINAL-PRESERVED,ORIGINAL-PRESERVED / HASH-VERIFIED,HIGH,,Byte-identical copy verified against source at archival time
MSVE-0143,MSVE_v0.8.8_DESIGN_NOTE.md,history-bank/work-orders/work-order-0.8.8-candidate/MSVE_v0.8.8_DESIGN_NOTE.md,report,/home/hatch/workspace/msve-design/work-order-0.8.8-candidate/MSVE_v0.8.8_DESIGN_NOTE.md,NOT RECORDED,2026-10-09T14:40:27Z,2325,e75ba6b4ff8801dce0e380ae0d811b13a613a1b89c825d12e190d719de94979e,ORIGINAL-PRESERVED,ORIGINAL-PRESERVED / HASH-VERIFIED,HIGH,,Byte-identical copy verified against source at archival time
MSVE-0144,MSVE_v0.8.8_DISPOSITION_TABLE.md,history-bank/work-orders/work-order-0.8.8-candidate/MSVE_v0.8.8_DISPOSITION_TABLE.md,report,/home/hatch/workspace/msve-design/work-order-0.8.8-candidate/MSVE_v0.8.8_DISPOSITION_TABLE.md,NOT RECORDED,2026-10-09T14:42:34Z,2548,dc73500204405d50e3eaeeb764c080d71a6b60a237a1c6770e55c62bc8905995,ORIGINAL-PRESERVED,ORIGINAL-PRESERVED / HASH-VERIFIED,HIGH,,Byte-identical copy verified against source at archival time
MSVE-0145,MSVE_v0.8.8_MODEL_REVIEW.md,history-bank/work-orders/work-order-0.8.8-candidate/MSVE_v0.8.8_MODEL_REVIEW.md,review-report,/home/hatch/workspace/msve-design/work-order-0.8.8-candidate/MSVE_v0.8.8_MODEL_REVIEW.md,NOT RECORDED,2026-10-09T14:43:22Z,3359,7db3ace29bfd90542a703dacadf374625956734958dd9cbf8d417ab45adad984,ORIGINAL-PRESERVED,ORIGINAL-PRESERVED / HASH-VERIFIED,HIGH,,Byte-identical copy verified against source at archival time
MSVE-0146,MSVE_v0.8.8_NORMATIVE_REVIEW.md,history-bank/work-orders/work-order-0.8.8-candidate/MSVE_v0.8.8_NORMATIVE_REVIEW.md,review-report,/home/hatch/workspace/msve-design/work-order-0.8.8-candidate/MSVE_v0.8.8_NORMATIVE_REVIEW.md,NOT RECORDED,2026-10-09T14:41:26Z,6568,bc83473b5e807de681f4a9dd40589e472e830af007eac848cb887af8b89e1dc4,ORIGINAL-PRESERVED,ORIGINAL-PRESERVED / HASH-VERIFIED,HIGH,,Byte-identical copy verified against source at archival time
MSVE-0147,MSVE_v0.8.8_OWNER_HANDOFF.md,history-bank/work-orders/work-order-0.8.8-candidate/MSVE_v0.8.8_OWNER_HANDOFF.md,handoff,/home/hatch/workspace/msve-design/work-order-0.8.8-candidate/MSVE_v0.8.8_OWNER_HANDOFF.md,NOT RECORDED,2026-10-09T14:43:37Z,1986,103858e3171fb0f93c1613d848ea3e6e1ffcf324846e09545e9dc7c21544fc25,ORIGINAL-PRESERVED,ORIGINAL-PRESERVED / HASH-VERIFIED,HIGH,,Byte-identical copy verified against source at archival time
MSVE-0148,MSVE_v0.8.8_REGRESSION_MATRIX.md,history-bank/work-orders/work-order-0.8.8-candidate/MSVE_v0.8.8_REGRESSION_MATRIX.md,report,/home/hatch/workspace/msve-design/work-order-0.8.8-candidate/MSVE_v0.8.8_REGRESSION_MATRIX.md,NOT RECORDED,2026-10-09T14:40:31Z,1626,276f0b71078214e94d8fa24a9f3c262387c6fd652d0eee32f26716c0148d6f68,ORIGINAL-PRESERVED,ORIGINAL-PRESERVED / HASH-VERIFIED,HIGH,,Byte-identical copy verified against source at archival time
MSVE-0149,MSVE_v0.8.8_SOURCE_TO_CONSTRAINT.md,history-bank/work-orders/work-order-0.8.8-candidate/MSVE_v0.8.8_SOURCE_TO_CONSTRAINT.md,report,/home/hatch/workspace/msve-design/work-order-0.8.8-candidate/MSVE_v0.8.8_SOURCE_TO_CONSTRAINT.md,NOT RECORDED,2026-10-09T14:40:21Z,1348,f186ec620579b1e5b7b4283ac09f3ce4193075f858581da5130fe65ead522758,ORIGINAL-PRESERVED,ORIGINAL-PRESERVED / HASH-VERIFIED,HIGH,,Byte-identical copy verified against source at archival time
MSVE-0150,audit_model_088.py,history-bank/work-orders/work-order-0.8.8-candidate/audit_model_088.py,model-or-script,/home/hatch/workspace/msve-design/work-order-0.8.8-candidate/audit_model_088.py,NOT RECORDED,2026-10-09T14:42:58Z,19714,2a3222a9022df0da45bc5f4ba460936c3f4ded6fd800e829ba849260ce6f1762,ORIGINAL-PRESERVED,ORIGINAL-PRESERVED / HASH-VERIFIED,HIGH,,Byte-identical copy verified against source at archival time
MSVE-0151,run_audit_088.py,history-bank/work-orders/work-order-0.8.8-candidate/run_audit_088.py,model-or-script,/home/hatch/workspace/msve-design/work-order-0.8.8-candidate/run_audit_088.py,NOT RECORDED,2026-10-09T14:40:03Z,12199,0658135d6bd2ea07dc497663dee11a0219679d83968607c8d05527527358d3ba,ORIGINAL-PRESERVED,ORIGINAL-PRESERVED / HASH-VERIFIED,HIGH,,Byte-identical copy verified against source at archival time
MSVE-0152,run_audit_088_raw.log,history-bank/work-orders/work-order-0.8.8-candidate/run_audit_088_raw.log,raw-log,/home/hatch/workspace/msve-design/work-order-0.8.8-candidate/run_audit_088_raw.log,NOT RECORDED,2026-10-09T14:43:28Z,1251,57f5f7cfce9c4092854d1f757b731d0b90e0d86d3207f2409c96f230526bdeea,ORIGINAL-PRESERVED,ORIGINAL-PRESERVED / HASH-VERIFIED,HIGH,,Byte-identical copy verified against source at archival time
MSVE-0153,sat_models_088.json,history-bank/work-orders/work-order-0.8.8-candidate/sat_models_088.json,machine-manifest,/home/hatch/workspace/msve-design/work-order-0.8.8-candidate/sat_models_088.json,NOT RECORDED,2026-10-09T14:47:51Z,11496,24548aedb8f3143b0b5742ae8543a07be5929de8dc8a294306e82e3ac4415973,ORIGINAL-PRESERVED,ORIGINAL-PRESERVED / HASH-VERIFIED,HIGH,,Byte-identical copy verified against source at archival time
MSVE-0154,MSVE_v0.8.7.2_CLAIM_IDENTITY_OPTIONS.md,history-bank/work-orders/work-order-0.8.7.2-review/MSVE_v0.8.7.2_CLAIM_IDENTITY_OPTIONS.md,report,/home/hatch/workspace/msve-design/work-order-0.8.7.2-review/MSVE_v0.8.7.2_CLAIM_IDENTITY_OPTIONS.md,NOT RECORDED,2026-10-09T14:34:02Z,5835,0814242fef3b7b6a845287569961386ceff75d2c84ded9e28ecf3313af9b06f0,ORIGINAL-PRESERVED,ORIGINAL-PRESERVED / HASH-VERIFIED,HIGH,,Byte-identical copy verified against source at archival time
MSVE-0155,MSVE_v0.8.7.2_LINKAGE_GAP_MATRIX.md,history-bank/work-orders/work-order-0.8.7.2-review/MSVE_v0.8.7.2_LINKAGE_GAP_MATRIX.md,report,/home/hatch/workspace/msve-design/work-order-0.8.7.2-review/MSVE_v0.8.7.2_LINKAGE_GAP_MATRIX.md,NOT RECORDED,2026-10-09T14:34:24Z,3407,e62c6cd62b77dd4101d11f960f6b8407679e4ce3142ff19b10505fc14f292c63,ORIGINAL-PRESERVED,ORIGINAL-PRESERVED / HASH-VERIFIED,HIGH,,Byte-identical copy verified against source at archival time
MSVE-0156,MSVE_v0.8.7.2_OWNER_DECISION.md,history-bank/work-orders/work-order-0.8.7.2-review/MSVE_v0.8.7.2_OWNER_DECISION.md,report,/home/hatch/workspace/msve-design/work-order-0.8.7.2-review/MSVE_v0.8.7.2_OWNER_DECISION.md,NOT RECORDED,2026-10-09T14:34:31Z,3335,911c6541c437289439d8512f09c726e2e89874eb06eb7e7055504b4ae2fa9b88,ORIGINAL-PRESERVED,ORIGINAL-PRESERVED / HASH-VERIFIED,HIGH,,Byte-identical copy verified against source at archival time
MSVE-0157,MSVE_v0.8.7.2_SOLVER_LINKAGE_OPTIONS.md,history-bank/work-orders/work-order-0.8.7.2-review/MSVE_v0.8.7.2_SOLVER_LINKAGE_OPTIONS.md,report,/home/hatch/workspace/msve-design/work-order-0.8.7.2-review/MSVE_v0.8.7.2_SOLVER_LINKAGE_OPTIONS.md,NOT RECORDED,2026-10-09T14:34:15Z,4884,24224541d76f97489d1a45efa887baf0aa8bbf91515b0c3316c8a6aa78e4244f,ORIGINAL-PRESERVED,ORIGINAL-PRESERVED / HASH-VERIFIED,HIGH,,Byte-identical copy verified against source at archival time
MSVE-0158,MSVE_v0.8.7.2_SOURCE_IDENTITY_AUDIT.md,history-bank/work-orders/work-order-0.8.7.2-review/MSVE_v0.8.7.2_SOURCE_IDENTITY_AUDIT.md,report,/home/hatch/workspace/msve-design/work-order-0.8.7.2-review/MSVE_v0.8.7.2_SOURCE_IDENTITY_AUDIT.md,NOT RECORDED,2026-10-09T14:33:39Z,2702,a338de11450c004cc13964fc539a8af4d53c407f1d9bed5e86d9c7e119090f06,ORIGINAL-PRESERVED,ORIGINAL-PRESERVED / HASH-VERIFIED,HIGH,,Byte-identical copy verified against source at archival time
MSVE-0159,MSVE_ACCEPTANCE_PLAN_v0.8.md,history-bank/work-orders/work-order-0.8.7-candidate/MSVE_ACCEPTANCE_PLAN_v0.8.md,report,/home/hatch/workspace/msve-design/work-order-0.8.7-candidate/MSVE_ACCEPTANCE_PLAN_v0.8.md,NOT RECORDED,2026-10-09T14:02:56Z,10543,3f9fcaf291f1e79fe563fd9b9d679db1820d6d3af13af4df0cc4c7e8bc89395d,ORIGINAL-PRESERVED,ORIGINAL-PRESERVED / HASH-VERIFIED,HIGH,,Byte-identical copy verified against source at archival time
MSVE-0160,MSVE_CAPABILITY_MATRIX_v0.8.md,history-bank/work-orders/work-order-0.8.7-candidate/MSVE_CAPABILITY_MATRIX_v0.8.md,report,/home/hatch/workspace/msve-design/work-order-0.8.7-candidate/MSVE_CAPABILITY_MATRIX_v0.8.md,NOT RECORDED,2026-10-09T14:02:56Z,2022,28838a24eeae5a81557a86fb3c6beb64e32fb17e27e32aeaea94a017a7691d2f,ORIGINAL-PRESERVED,ORIGINAL-PRESERVED / HASH-VERIFIED,HIGH,,Byte-identical copy verified against source at archival time
MSVE-0161,MSVE_DESIGN_REVIEW_v0.8.md,history-bank/work-orders/work-order-0.8.7-candidate/MSVE_DESIGN_REVIEW_v0.8.md,review-report,/home/hatch/workspace/msve-design/work-order-0.8.7-candidate/MSVE_DESIGN_REVIEW_v0.8.md,NOT RECORDED,2026-10-09T14:02:56Z,11156,d7be8c8db1c1e2f1db73efac8287ec3545c2390829f8c43f008fa46093671015,ORIGINAL-PRESERVED,ORIGINAL-PRESERVED / HASH-VERIFIED,HIGH,,Byte-identical copy verified against source at archival time
MSVE-0162,MSVE_DESIGN_SPEC_v0.8.md,history-bank/work-orders/work-order-0.8.7-candidate/MSVE_DESIGN_SPEC_v0.8.md,report,/home/hatch/workspace/msve-design/work-order-0.8.7-candidate/MSVE_DESIGN_SPEC_v0.8.md,NOT RECORDED,2026-10-09T14:08:06Z,90498,48707955c81c4731e8533fa5135de2001388fd11461e2b0cef5a518730c4080e,ORIGINAL-PRESERVED,ORIGINAL-PRESERVED / HASH-VERIFIED,HIGH,,Byte-identical copy verified against source at archival time
MSVE-0163,MSVE_REGRESSION_LEDGER_v0.8.md,history-bank/work-orders/work-order-0.8.7-candidate/MSVE_REGRESSION_LEDGER_v0.8.md,report,/home/hatch/workspace/msve-design/work-order-0.8.7-candidate/MSVE_REGRESSION_LEDGER_v0.8.md,NOT RECORDED,2026-10-09T14:06:05Z,37814,7290681eac3705741615718ca3f2c3eafbafe759885e186cf1cd7408eb8dc9ec,ORIGINAL-PRESERVED,ORIGINAL-PRESERVED / HASH-VERIFIED,HIGH,,Byte-identical copy verified against source at archival time
MSVE-0164,MSVE_VISUALISATION_PLAN_v0.8.md,history-bank/work-orders/work-order-0.8.7-candidate/MSVE_VISUALISATION_PLAN_v0.8.md,report,/home/hatch/workspace/msve-design/work-order-0.8.7-candidate/MSVE_VISUALISATION_PLAN_v0.8.md,NOT RECORDED,2026-10-09T14:02:56Z,6697,fb03b6098aecb6b98ca31cf0c9eac092620075480c59def0602f122c449e28dd,ORIGINAL-PRESERVED,ORIGINAL-PRESERVED / HASH-VERIFIED,HIGH,,Byte-identical copy verified against source at archival time
MSVE-0165,MSVE_v0.8.6_CANDIDATE_MANIFEST.json,history-bank/work-orders/work-order-0.8.7-candidate/MSVE_v0.8.6_CANDIDATE_MANIFEST.json,machine-manifest,/home/hatch/workspace/msve-design/work-order-0.8.7-candidate/MSVE_v0.8.6_CANDIDATE_MANIFEST.json,NOT RECORDED,2026-10-09T14:02:56Z,2915,4a5509d88877eb8f1de9556578ed00991b34c82c804b81318f43e1d4c76db92b,ORIGINAL-PRESERVED,ORIGINAL-PRESERVED / HASH-VERIFIED,HIGH,,Byte-identical copy verified against source at archival time
MSVE-0166,MSVE_v0.8.6_CORRECTION_REPORT.md,history-bank/work-orders/work-order-0.8.7-candidate/MSVE_v0.8.6_CORRECTION_REPORT.md,report,/home/hatch/workspace/msve-design/work-order-0.8.7-candidate/MSVE_v0.8.6_CORRECTION_REPORT.md,NOT RECORDED,2026-10-09T14:02:56Z,5647,3cc6ec08dae210e7394abb7aed5ffad66a654f5761481b607cbc7e77defdcfe4,ORIGINAL-PRESERVED,ORIGINAL-PRESERVED / HASH-VERIFIED,HIGH,,Byte-identical copy verified against source at archival time
MSVE-0167,MSVE_v0.8.6_CROSS_DOCUMENT_MATRIX.md,history-bank/work-orders/work-order-0.8.7-candidate/MSVE_v0.8.6_CROSS_DOCUMENT_MATRIX.md,report,/home/hatch/workspace/msve-design/work-order-0.8.7-candidate/MSVE_v0.8.6_CROSS_DOCUMENT_MATRIX.md,NOT RECORDED,2026-10-09T14:02:56Z,1772,103dc254185f7feb44ebe4dcb40dcb0add9cfc19245c6705043e03f037a2173e,ORIGINAL-PRESERVED,ORIGINAL-PRESERVED / HASH-VERIFIED,HIGH,,Byte-identical copy verified against source at archival time
MSVE-0168,MSVE_v0.8.6_F20_VERIFICATION.md,history-bank/work-orders/work-order-0.8.7-candidate/MSVE_v0.8.6_F20_VERIFICATION.md,report,/home/hatch/workspace/msve-design/work-order-0.8.7-candidate/MSVE_v0.8.6_F20_VERIFICATION.md,NOT RECORDED,2026-10-09T14:02:56Z,2272,221e763fe42f6bed336a21109622bd3d0158f070fea2f334505271e9e479d14b,ORIGINAL-PRESERVED,ORIGINAL-PRESERVED / HASH-VERIFIED,HIGH,,Byte-identical copy verified against source at archival time
MSVE-0169,MSVE_v0.8.6_F21_ASSURANCE_EVIDENCE_RULES.md,history-bank/work-orders/work-order-0.8.7-candidate/MSVE_v0.8.6_F21_ASSURANCE_EVIDENCE_RULES.md,evidence-transfer,/home/hatch/workspace/msve-design/work-order-0.8.7-candidate/MSVE_v0.8.6_F21_ASSURANCE_EVIDENCE_RULES.md,NOT RECORDED,2026-10-09T14:02:56Z,3198,c7fc9ae07b080b662882cf5d0d76592edbbfc6cf2cb37dc5638fbeacb54cb547,ORIGINAL-PRESERVED,ORIGINAL-PRESERVED / HASH-VERIFIED,HIGH,,Byte-identical copy verified against source at archival time
MSVE-0170,MSVE_v0.8.6_OWNER_HANDOFF.md,history-bank/work-orders/work-order-0.8.7-candidate/MSVE_v0.8.6_OWNER_HANDOFF.md,handoff,/home/hatch/workspace/msve-design/work-order-0.8.7-candidate/MSVE_v0.8.6_OWNER_HANDOFF.md,NOT RECORDED,2026-10-09T14:02:56Z,2492,c3d17d4ca270a1fe46534438ef577b18883dcd1e1e7781288d8cbb140ce603f2,ORIGINAL-PRESERVED,ORIGINAL-PRESERVED / HASH-VERIFIED,HIGH,,Byte-identical copy verified against source at archival time
MSVE-0171,MSVE_v0.8.6_VERIFICATION_EVIDENCE.md,history-bank/work-orders/work-order-0.8.7-candidate/MSVE_v0.8.6_VERIFICATION_EVIDENCE.md,evidence-transfer,/home/hatch/workspace/msve-design/work-order-0.8.7-candidate/MSVE_v0.8.6_VERIFICATION_EVIDENCE.md,NOT RECORDED,2026-10-09T14:02:56Z,2688,3af2e4cff27ab88ef749ea112aedee889bf8e88dc68f41f3c73ac056a35573a4,ORIGINAL-PRESERVED,ORIGINAL-PRESERVED / HASH-VERIFIED,HIGH,,Byte-identical copy verified against source at archival time
MSVE-0172,MSVE_v0.8.7_CANDIDATE_MANIFEST.json,history-bank/work-orders/work-order-0.8.7-candidate/MSVE_v0.8.7_CANDIDATE_MANIFEST.json,machine-manifest,/home/hatch/workspace/msve-design/work-order-0.8.7-candidate/MSVE_v0.8.7_CANDIDATE_MANIFEST.json,NOT RECORDED,2026-10-09T14:07:01Z,2666,a26c710b2142ab0b41445aa0278b97eebe0e5e9196c5e3efd6ad72f4967cf685,ORIGINAL-PRESERVED,ORIGINAL-PRESERVED / HASH-VERIFIED,HIGH,,Byte-identical copy verified against source at archival time
MSVE-0173,MSVE_v0.8.7_COVERAGE_MATRIX.md,history-bank/work-orders/work-order-0.8.7-candidate/MSVE_v0.8.7_COVERAGE_MATRIX.md,report,/home/hatch/workspace/msve-design/work-order-0.8.7-candidate/MSVE_v0.8.7_COVERAGE_MATRIX.md,NOT RECORDED,2026-10-09T14:04:22Z,2316,8a3a15cc1d0a19c5718f830e012d5af7155c7d2cace5d114401f793e1630062b,ORIGINAL-PRESERVED,ORIGINAL-PRESERVED / HASH-VERIFIED,HIGH,,Byte-identical copy verified against source at archival time
MSVE-0174,MSVE_v0.8.7_DISPOSITION_TABLE.md,history-bank/work-orders/work-order-0.8.7-candidate/MSVE_v0.8.7_DISPOSITION_TABLE.md,report,/home/hatch/workspace/msve-design/work-order-0.8.7-candidate/MSVE_v0.8.7_DISPOSITION_TABLE.md,NOT RECORDED,2026-10-09T14:08:19Z,4116,241ddaf14e882145f2f25a922ae2cec9d268b55afd672cfd08338a14034ba98e,ORIGINAL-PRESERVED,ORIGINAL-PRESERVED / HASH-VERIFIED,HIGH,,Byte-identical copy verified against source at archival time
MSVE-0175,MSVE_v0.8.7_OWNER_HANDOFF.md,history-bank/work-orders/work-order-0.8.7-candidate/MSVE_v0.8.7_OWNER_HANDOFF.md,handoff,/home/hatch/workspace/msve-design/work-order-0.8.7-candidate/MSVE_v0.8.7_OWNER_HANDOFF.md,NOT RECORDED,2026-10-09T14:08:22Z,2820,9a0efa736ece5ba2aa14650deee07566257f173fe96d35b671d703832f4c0855,ORIGINAL-PRESERVED,ORIGINAL-PRESERVED / HASH-VERIFIED,HIGH,,Byte-identical copy verified against source at archival time
MSVE-0176,MSVE_v0.8_DEFECT_TRACEABILITY.md,history-bank/work-orders/work-order-0.8.7-candidate/MSVE_v0.8_DEFECT_TRACEABILITY.md,report,/home/hatch/workspace/msve-design/work-order-0.8.7-candidate/MSVE_v0.8_DEFECT_TRACEABILITY.md,NOT RECORDED,2026-10-09T14:02:56Z,8287,4e41185dcddf91ed8e8d4dbe010cf301d24ad9003008af89859fd79c8d656759,ORIGINAL-PRESERVED,ORIGINAL-PRESERVED / HASH-VERIFIED,HIGH,,Byte-identical copy verified against source at archival time
MSVE-0177,MSVE_v0.8_READINESS_EVIDENCE_MATRIX.md,history-bank/work-orders/work-order-0.8.7-candidate/MSVE_v0.8_READINESS_EVIDENCE_MATRIX.md,evidence-transfer,/home/hatch/workspace/msve-design/work-order-0.8.7-candidate/MSVE_v0.8_READINESS_EVIDENCE_MATRIX.md,NOT RECORDED,2026-10-09T14:02:56Z,11367,608e2c89e03bb1ba13c873a957f34153d1aee597ad1cce021640ac4d15ec077f,ORIGINAL-PRESERVED,ORIGINAL-PRESERVED / HASH-VERIFIED,HIGH,,Byte-identical copy verified against source at archival time
MSVE-0178,audit_model_086.py,history-bank/work-orders/work-order-0.8.7-candidate/audit_model_086.py,model-or-script,/home/hatch/workspace/msve-design/work-order-0.8.7-candidate/audit_model_086.py,NOT RECORDED,2026-10-09T14:02:56Z,16341,99d68de70bddec92e0f45f4cee1863856a7ec7d10e6fec6868d67d472ac562de,ORIGINAL-PRESERVED,ORIGINAL-PRESERVED / HASH-VERIFIED,HIGH,,Byte-identical copy verified against source at archival time
MSVE-0179,audit_model_087.py,history-bank/work-orders/work-order-0.8.7-candidate/audit_model_087.py,model-or-script,/home/hatch/workspace/msve-design/work-order-0.8.7-candidate/audit_model_087.py,NOT RECORDED,2026-10-09T14:08:11Z,18391,7239f6060378b90adffe8de2dd43982ea117d0506a39c85bbe7c19cb000a77df,ORIGINAL-PRESERVED,ORIGINAL-PRESERVED / HASH-VERIFIED,HIGH,,Byte-identical copy verified against source at archival time
MSVE-0180,run_audit_086.py,history-bank/work-orders/work-order-0.8.7-candidate/run_audit_086.py,model-or-script,/home/hatch/workspace/msve-design/work-order-0.8.7-candidate/run_audit_086.py,NOT RECORDED,2026-10-09T14:02:56Z,10278,e91cc967e8d39271822b761213d1841e9bec8ee22fb868302b6f288852486ead,ORIGINAL-PRESERVED,ORIGINAL-PRESERVED / HASH-VERIFIED,HIGH,,Byte-identical copy verified against source at archival time
MSVE-0181,run_audit_087.py,history-bank/work-orders/work-order-0.8.7-candidate/run_audit_087.py,model-or-script,/home/hatch/workspace/msve-design/work-order-0.8.7-candidate/run_audit_087.py,NOT RECORDED,2026-10-09T14:05:43Z,12576,c343ea23022e575dfa3466db71657b5edde6541f46057b329912fd7a63f54474,ORIGINAL-PRESERVED,ORIGINAL-PRESERVED / HASH-VERIFIED,HIGH,,Byte-identical copy verified against source at archival time
MSVE-0182,run_audit_087_raw.log,history-bank/work-orders/work-order-0.8.7-candidate/run_audit_087_raw.log,raw-log,/home/hatch/workspace/msve-design/work-order-0.8.7-candidate/run_audit_087_raw.log,NOT RECORDED,2026-10-09T14:05:50Z,1385,94816387678c057f760086df1e6e025cfac50e389fc552687602b8375c6890b3,ORIGINAL-PRESERVED,ORIGINAL-PRESERVED / HASH-VERIFIED,HIGH,,Byte-identical copy verified against source at archival time
MSVE-0183,sat_models_087.json,history-bank/work-orders/work-order-0.8.7-candidate/sat_models_087.json,machine-manifest,/home/hatch/workspace/msve-design/work-order-0.8.7-candidate/sat_models_087.json,NOT RECORDED,2026-10-09T14:08:14Z,9586,3e37f98f52509b9522268f316e8c57c4f527f02cc674a6e93bdb93a64b8dbf27,ORIGINAL-PRESERVED,ORIGINAL-PRESERVED / HASH-VERIFIED,HIGH,,Byte-identical copy verified against source at archival time
MSVE-0184,MSVE_v0.8.7_TRANSFER_HANDOFF.md,history-bank/work-orders/work-order-0.8.7-candidate/owner-review-transfer/MSVE_v0.8.7_TRANSFER_HANDOFF.md,handoff,/home/hatch/workspace/msve-design/work-order-0.8.7-candidate/owner-review-transfer/MSVE_v0.8.7_TRANSFER_HANDOFF.md,NOT RECORDED,2026-10-09T14:23:33Z,2274,f397f6bf26e3e3f15f8be77480f17d4c6f30555579c1231bc36cc85ae2149f02,ORIGINAL-PRESERVED,ORIGINAL-PRESERVED / HASH-VERIFIED,HIGH,,Byte-identical copy verified against source at archival time
MSVE-0185,MSVE_v0.8.7_TRANSFER_MANIFEST.md,history-bank/work-orders/work-order-0.8.7-candidate/owner-review-transfer/MSVE_v0.8.7_TRANSFER_MANIFEST.md,manifest,/home/hatch/workspace/msve-design/work-order-0.8.7-candidate/owner-review-transfer/MSVE_v0.8.7_TRANSFER_MANIFEST.md,NOT RECORDED,2026-10-09T14:23:16Z,4532,ded7494058e76168018e94c809c86d68bd591433e11fbc0979e4e3cc464ac651,ORIGINAL-PRESERVED,ORIGINAL-PRESERVED / HASH-VERIFIED,HIGH,,Byte-identical copy verified against source at archival time
MSVE-0186,MSVE_v0.8.7_TRANSFER_MODEL_LINKAGE.md,history-bank/work-orders/work-order-0.8.7-candidate/owner-review-transfer/MSVE_v0.8.7_TRANSFER_MODEL_LINKAGE.md,report,/home/hatch/workspace/msve-design/work-order-0.8.7-candidate/owner-review-transfer/MSVE_v0.8.7_TRANSFER_MODEL_LINKAGE.md,NOT RECORDED,2026-10-09T14:22:45Z,5741,9e6f658fd0c363cadedb9ae866961846d0693f9fc1bef22640ec331de7840017,ORIGINAL-PRESERVED,ORIGINAL-PRESERVED / HASH-VERIFIED,HIGH,,Byte-identical copy verified against source at archival time
MSVE-0187,MSVE_v0.8.7_TRANSFER_NORMATIVE_TEXT.md,history-bank/work-orders/work-order-0.8.7-candidate/owner-review-transfer/MSVE_v0.8.7_TRANSFER_NORMATIVE_TEXT.md,report,/home/hatch/workspace/msve-design/work-order-0.8.7-candidate/owner-review-transfer/MSVE_v0.8.7_TRANSFER_NORMATIVE_TEXT.md,NOT RECORDED,2026-10-09T14:23:35Z,11732,1944ce6169efc5dd095f9756aa9d5cf84aba94a3403518f25b3d13807456427f,ORIGINAL-PRESERVED,ORIGINAL-PRESERVED / HASH-VERIFIED,HIGH,,Byte-identical copy verified against source at archival time
MSVE-0188,MSVE_v0.8.7_TRANSFER_REGRESSION_EVIDENCE.md,history-bank/work-orders/work-order-0.8.7-candidate/owner-review-transfer/MSVE_v0.8.7_TRANSFER_REGRESSION_EVIDENCE.md,evidence-transfer,/home/hatch/workspace/msve-design/work-order-0.8.7-candidate/owner-review-transfer/MSVE_v0.8.7_TRANSFER_REGRESSION_EVIDENCE.md,NOT RECORDED,2026-10-09T14:23:00Z,5654,db473631c85d156fa62c2dae2eab801953a722a56a37f2a30a1af6a41bc7157a,ORIGINAL-PRESERVED,ORIGINAL-PRESERVED / HASH-VERIFIED,HIGH,,Byte-identical copy verified against source at archival time
MSVE-0189,MSVE_v0.8.7_TRANSFER_REVIEW_STATUS.md,history-bank/work-orders/work-order-0.8.7-candidate/owner-review-transfer/MSVE_v0.8.7_TRANSFER_REVIEW_STATUS.md,review-report,/home/hatch/workspace/msve-design/work-order-0.8.7-candidate/owner-review-transfer/MSVE_v0.8.7_TRANSFER_REVIEW_STATUS.md,NOT RECORDED,2026-10-09T14:23:05Z,1830,2fdf6a075c639c5201a9ecaeceb4a134940f4dff6bd6e5fa6e01703666a12d89,ORIGINAL-PRESERVED,ORIGINAL-PRESERVED / HASH-VERIFIED,HIGH,,Byte-identical copy verified against source at archival time
MSVE-0190,MSVE_v0.8.7_TRANSFER_SOLVER_LINKAGE.md,history-bank/work-orders/work-order-0.8.7-candidate/owner-review-transfer/MSVE_v0.8.7_TRANSFER_SOLVER_LINKAGE.md,report,/home/hatch/workspace/msve-design/work-order-0.8.7-candidate/owner-review-transfer/MSVE_v0.8.7_TRANSFER_SOLVER_LINKAGE.md,NOT RECORDED,2026-10-09T14:22:35Z,7245,d095f544d3b041558501a2f7104e7e1450117bc1ba83e0de7241c5a782c7b7cd,ORIGINAL-PRESERVED,ORIGINAL-PRESERVED / HASH-VERIFIED,HIGH,,Byte-identical copy verified against source at archival time
MSVE-0191,run_audit_087.py,history-bank/work-orders/work-order-0.8.7-candidate/owner-review-transfer/run_audit_087.py,model-or-script,/home/hatch/workspace/msve-design/work-order-0.8.7-candidate/owner-review-transfer/run_audit_087.py,NOT RECORDED,2026-10-09T14:22:48Z,12576,c343ea23022e575dfa3466db71657b5edde6541f46057b329912fd7a63f54474,ORIGINAL-PRESERVED,ORIGINAL-PRESERVED / HASH-VERIFIED,HIGH,,Byte-identical copy verified against source at archival time
MSVE-0192,run_audit_087_raw.log,history-bank/work-orders/work-order-0.8.7-candidate/owner-review-transfer/run_audit_087_raw.log,raw-log,/home/hatch/workspace/msve-design/work-order-0.8.7-candidate/owner-review-transfer/run_audit_087_raw.log,NOT RECORDED,2026-10-09T14:22:48Z,1385,94816387678c057f760086df1e6e025cfac50e389fc552687602b8375c6890b3,ORIGINAL-PRESERVED,ORIGINAL-PRESERVED / HASH-VERIFIED,HIGH,,Byte-identical copy verified against source at archival time
MSVE-0193,sat_models_087.json,history-bank/work-orders/work-order-0.8.7-candidate/owner-review-transfer/sat_models_087.json,machine-manifest,/home/hatch/workspace/msve-design/work-order-0.8.7-candidate/owner-review-transfer/sat_models_087.json,NOT RECORDED,2026-10-09T14:22:48Z,9586,3e37f98f52509b9522268f316e8c57c4f527f02cc674a6e93bdb93a64b8dbf27,ORIGINAL-PRESERVED,ORIGINAL-PRESERVED / HASH-VERIFIED,HIGH,,Byte-identical copy verified against source at archival time
MSVE-0194,MSVE_ACCEPTANCE_PLAN_v0.8.md,history-bank/work-orders/work-order-0.8.6-candidate/MSVE_ACCEPTANCE_PLAN_v0.8.md,report,/home/hatch/workspace/msve-design/work-order-0.8.6-candidate/MSVE_ACCEPTANCE_PLAN_v0.8.md,NOT RECORDED,2026-10-09T13:44:11Z,10543,3f9fcaf291f1e79fe563fd9b9d679db1820d6d3af13af4df0cc4c7e8bc89395d,ORIGINAL-PRESERVED,ORIGINAL-PRESERVED / HASH-VERIFIED,HIGH,,Byte-identical copy verified against source at archival time
MSVE-0195,MSVE_CAPABILITY_MATRIX_v0.8.md,history-bank/work-orders/work-order-0.8.6-candidate/MSVE_CAPABILITY_MATRIX_v0.8.md,report,/home/hatch/workspace/msve-design/work-order-0.8.6-candidate/MSVE_CAPABILITY_MATRIX_v0.8.md,NOT RECORDED,2026-10-09T13:43:22Z,2022,28838a24eeae5a81557a86fb3c6beb64e32fb17e27e32aeaea94a017a7691d2f,ORIGINAL-PRESERVED,ORIGINAL-PRESERVED / HASH-VERIFIED,HIGH,,Byte-identical copy verified against source at archival time
MSVE-0196,MSVE_DESIGN_REVIEW_v0.8.md,history-bank/work-orders/work-order-0.8.6-candidate/MSVE_DESIGN_REVIEW_v0.8.md,review-report,/home/hatch/workspace/msve-design/work-order-0.8.6-candidate/MSVE_DESIGN_REVIEW_v0.8.md,NOT RECORDED,2026-10-09T13:43:22Z,11156,d7be8c8db1c1e2f1db73efac8287ec3545c2390829f8c43f008fa46093671015,ORIGINAL-PRESERVED,ORIGINAL-PRESERVED / HASH-VERIFIED,HIGH,,Byte-identical copy verified against source at archival time
MSVE-0197,MSVE_DESIGN_SPEC_v0.8.md,history-bank/work-orders/work-order-0.8.6-candidate/MSVE_DESIGN_SPEC_v0.8.md,report,/home/hatch/workspace/msve-design/work-order-0.8.6-candidate/MSVE_DESIGN_SPEC_v0.8.md,NOT RECORDED,2026-10-09T13:43:52Z,88466,13a5aced8bb77cb25394ea7ba324e5bb732fefaa9c213e797dfee48638050245,ORIGINAL-PRESERVED,ORIGINAL-PRESERVED / HASH-VERIFIED,HIGH,,Byte-identical copy verified against source at archival time
MSVE-0198,MSVE_REGRESSION_LEDGER_v0.8.md,history-bank/work-orders/work-order-0.8.6-candidate/MSVE_REGRESSION_LEDGER_v0.8.md,report,/home/hatch/workspace/msve-design/work-order-0.8.6-candidate/MSVE_REGRESSION_LEDGER_v0.8.md,NOT RECORDED,2026-10-09T13:44:03Z,36295,71146f7c5e913d43aadc23f2bb5819c9b4cfcb5f1ccb1e72a845fef8a46fe717,ORIGINAL-PRESERVED,ORIGINAL-PRESERVED / HASH-VERIFIED,HIGH,,Byte-identical copy verified against source at archival time
MSVE-0199,MSVE_VISUALISATION_PLAN_v0.8.md,history-bank/work-orders/work-order-0.8.6-candidate/MSVE_VISUALISATION_PLAN_v0.8.md,report,/home/hatch/workspace/msve-design/work-order-0.8.6-candidate/MSVE_VISUALISATION_PLAN_v0.8.md,NOT RECORDED,2026-10-09T13:43:22Z,6697,fb03b6098aecb6b98ca31cf0c9eac092620075480c59def0602f122c449e28dd,ORIGINAL-PRESERVED,ORIGINAL-PRESERVED / HASH-VERIFIED,HIGH,,Byte-identical copy verified against source at archival time
MSVE-0200,MSVE_v0.8.6_CANDIDATE_MANIFEST.json,history-bank/work-orders/work-order-0.8.6-candidate/MSVE_v0.8.6_CANDIDATE_MANIFEST.json,machine-manifest,/home/hatch/workspace/msve-design/work-order-0.8.6-candidate/MSVE_v0.8.6_CANDIDATE_MANIFEST.json,NOT RECORDED,2026-10-09T13:46:11Z,2915,4a5509d88877eb8f1de9556578ed00991b34c82c804b81318f43e1d4c76db92b,ORIGINAL-PRESERVED,ORIGINAL-PRESERVED / HASH-VERIFIED,HIGH,,Byte-identical copy verified against source at archival time
MSVE-0201,MSVE_v0.8.6_CORRECTION_REPORT.md,history-bank/work-orders/work-order-0.8.6-candidate/MSVE_v0.8.6_CORRECTION_REPORT.md,report,/home/hatch/workspace/msve-design/work-order-0.8.6-candidate/MSVE_v0.8.6_CORRECTION_REPORT.md,NOT RECORDED,2026-10-09T13:45:30Z,5647,3cc6ec08dae210e7394abb7aed5ffad66a654f5761481b607cbc7e77defdcfe4,ORIGINAL-PRESERVED,ORIGINAL-PRESERVED / HASH-VERIFIED,HIGH,,Byte-identical copy verified against source at archival time
MSVE-0202,MSVE_v0.8.6_CROSS_DOCUMENT_MATRIX.md,history-bank/work-orders/work-order-0.8.6-candidate/MSVE_v0.8.6_CROSS_DOCUMENT_MATRIX.md,report,/home/hatch/workspace/msve-design/work-order-0.8.6-candidate/MSVE_v0.8.6_CROSS_DOCUMENT_MATRIX.md,NOT RECORDED,2026-10-09T13:45:47Z,1772,103dc254185f7feb44ebe4dcb40dcb0add9cfc19245c6705043e03f037a2173e,ORIGINAL-PRESERVED,ORIGINAL-PRESERVED / HASH-VERIFIED,HIGH,,Byte-identical copy verified against source at archival time
MSVE-0203,MSVE_v0.8.6_F20_VERIFICATION.md,history-bank/work-orders/work-order-0.8.6-candidate/MSVE_v0.8.6_F20_VERIFICATION.md,report,/home/hatch/workspace/msve-design/work-order-0.8.6-candidate/MSVE_v0.8.6_F20_VERIFICATION.md,NOT RECORDED,2026-10-09T13:45:36Z,2272,221e763fe42f6bed336a21109622bd3d0158f070fea2f334505271e9e479d14b,ORIGINAL-PRESERVED,ORIGINAL-PRESERVED / HASH-VERIFIED,HIGH,,Byte-identical copy verified against source at archival time
MSVE-0204,MSVE_v0.8.6_F21_ASSURANCE_EVIDENCE_RULES.md,history-bank/work-orders/work-order-0.8.6-candidate/MSVE_v0.8.6_F21_ASSURANCE_EVIDENCE_RULES.md,evidence-transfer,/home/hatch/workspace/msve-design/work-order-0.8.6-candidate/MSVE_v0.8.6_F21_ASSURANCE_EVIDENCE_RULES.md,NOT RECORDED,2026-10-09T13:45:42Z,3198,c7fc9ae07b080b662882cf5d0d76592edbbfc6cf2cb37dc5638fbeacb54cb547,ORIGINAL-PRESERVED,ORIGINAL-PRESERVED / HASH-VERIFIED,HIGH,,Byte-identical copy verified against source at archival time
MSVE-0205,MSVE_v0.8.6_OWNER_HANDOFF.md,history-bank/work-orders/work-order-0.8.6-candidate/MSVE_v0.8.6_OWNER_HANDOFF.md,handoff,/home/hatch/workspace/msve-design/work-order-0.8.6-candidate/MSVE_v0.8.6_OWNER_HANDOFF.md,NOT RECORDED,2026-10-09T13:45:59Z,2492,c3d17d4ca270a1fe46534438ef577b18883dcd1e1e7781288d8cbb140ce603f2,ORIGINAL-PRESERVED,ORIGINAL-PRESERVED / HASH-VERIFIED,HIGH,,Byte-identical copy verified against source at archival time
MSVE-0206,MSVE_v0.8.6_VERIFICATION_EVIDENCE.md,history-bank/work-orders/work-order-0.8.6-candidate/MSVE_v0.8.6_VERIFICATION_EVIDENCE.md,evidence-transfer,/home/hatch/workspace/msve-design/work-order-0.8.6-candidate/MSVE_v0.8.6_VERIFICATION_EVIDENCE.md,NOT RECORDED,2026-10-09T13:45:53Z,2688,3af2e4cff27ab88ef749ea112aedee889bf8e88dc68f41f3c73ac056a35573a4,ORIGINAL-PRESERVED,ORIGINAL-PRESERVED / HASH-VERIFIED,HIGH,,Byte-identical copy verified against source at archival time
MSVE-0207,MSVE_v0.8_DEFECT_TRACEABILITY.md,history-bank/work-orders/work-order-0.8.6-candidate/MSVE_v0.8_DEFECT_TRACEABILITY.md,report,/home/hatch/workspace/msve-design/work-order-0.8.6-candidate/MSVE_v0.8_DEFECT_TRACEABILITY.md,NOT RECORDED,2026-10-09T13:46:09Z,8287,4e41185dcddf91ed8e8d4dbe010cf301d24ad9003008af89859fd79c8d656759,ORIGINAL-PRESERVED,ORIGINAL-PRESERVED / HASH-VERIFIED,HIGH,,Byte-identical copy verified against source at archival time
MSVE-0208,MSVE_v0.8_READINESS_EVIDENCE_MATRIX.md,history-bank/work-orders/work-order-0.8.6-candidate/MSVE_v0.8_READINESS_EVIDENCE_MATRIX.md,evidence-transfer,/home/hatch/workspace/msve-design/work-order-0.8.6-candidate/MSVE_v0.8_READINESS_EVIDENCE_MATRIX.md,NOT RECORDED,2026-10-09T13:43:22Z,11367,608e2c89e03bb1ba13c873a957f34153d1aee597ad1cce021640ac4d15ec077f,ORIGINAL-PRESERVED,ORIGINAL-PRESERVED / HASH-VERIFIED,HIGH,,Byte-identical copy verified against source at archival time
MSVE-0209,audit_model_086.py,history-bank/work-orders/work-order-0.8.6-candidate/audit_model_086.py,model-or-script,/home/hatch/workspace/msve-design/work-order-0.8.6-candidate/audit_model_086.py,NOT RECORDED,2026-10-09T13:44:27Z,16341,99d68de70bddec92e0f45f4cee1863856a7ec7d10e6fec6868d67d472ac562de,ORIGINAL-PRESERVED,ORIGINAL-PRESERVED / HASH-VERIFIED,HIGH,,Byte-identical copy verified against source at archival time
MSVE-0210,run_audit_086.py,history-bank/work-orders/work-order-0.8.6-candidate/run_audit_086.py,model-or-script,/home/hatch/workspace/msve-design/work-order-0.8.6-candidate/run_audit_086.py,NOT RECORDED,2026-10-09T13:45:13Z,10278,e91cc967e8d39271822b761213d1841e9bec8ee22fb868302b6f288852486ead,ORIGINAL-PRESERVED,ORIGINAL-PRESERVED / HASH-VERIFIED,HIGH,,Byte-identical copy verified against source at archival time
MSVE-0211,MSVE_v0.8.6_TRANSFER_FORMAL_MODEL.md,history-bank/work-orders/work-order-0.8.6-candidate/owner-review-transfer/MSVE_v0.8.6_TRANSFER_FORMAL_MODEL.md,report,/home/hatch/workspace/msve-design/work-order-0.8.6-candidate/owner-review-transfer/MSVE_v0.8.6_TRANSFER_FORMAL_MODEL.md,NOT RECORDED,2026-10-09T13:54:03Z,16425,802032b79062feb59ae87e30955cf0715f868677bb64aab028a2389170b9d6cb,ORIGINAL-PRESERVED,ORIGINAL-PRESERVED / HASH-VERIFIED,HIGH,,Byte-identical copy verified against source at archival time
MSVE-0212,MSVE_v0.8.6_TRANSFER_HANDOFF.md,history-bank/work-orders/work-order-0.8.6-candidate/owner-review-transfer/MSVE_v0.8.6_TRANSFER_HANDOFF.md,handoff,/home/hatch/workspace/msve-design/work-order-0.8.6-candidate/owner-review-transfer/MSVE_v0.8.6_TRANSFER_HANDOFF.md,NOT RECORDED,2026-10-09T13:55:03Z,2866,dfb54206b6e6f2924cf1c790d5bbfddf92b39291aa8b53e109693aa37187fca0,ORIGINAL-PRESERVED,ORIGINAL-PRESERVED / HASH-VERIFIED,HIGH,,Byte-identical copy verified against source at archival time
MSVE-0213,MSVE_v0.8.6_TRANSFER_MANIFEST.md,history-bank/work-orders/work-order-0.8.6-candidate/owner-review-transfer/MSVE_v0.8.6_TRANSFER_MANIFEST.md,manifest,/home/hatch/workspace/msve-design/work-order-0.8.6-candidate/owner-review-transfer/MSVE_v0.8.6_TRANSFER_MANIFEST.md,NOT RECORDED,2026-10-09T13:54:47Z,3033,cc0d1395b8c53c674db0760bea1fcd1d656f674b0ab4c98d082bcf1d8f04c1f5,ORIGINAL-PRESERVED,ORIGINAL-PRESERVED / HASH-VERIFIED,HIGH,,Byte-identical copy verified against source at archival time
MSVE-0214,MSVE_v0.8.6_TRANSFER_NORMATIVE_TEXT.md,history-bank/work-orders/work-order-0.8.6-candidate/owner-review-transfer/MSVE_v0.8.6_TRANSFER_NORMATIVE_TEXT.md,report,/home/hatch/workspace/msve-design/work-order-0.8.6-candidate/owner-review-transfer/MSVE_v0.8.6_TRANSFER_NORMATIVE_TEXT.md,NOT RECORDED,2026-10-09T13:53:50Z,17612,ff12ddc7859ea78e3cbd0aa73e0ce592ca9e512270b67e2433fa74fcaf4a753a,ORIGINAL-PRESERVED,ORIGINAL-PRESERVED / HASH-VERIFIED,HIGH,,Byte-identical copy verified against source at archival time
MSVE-0215,MSVE_v0.8.6_TRANSFER_REGRESSION_EVIDENCE.md,history-bank/work-orders/work-order-0.8.6-candidate/owner-review-transfer/MSVE_v0.8.6_TRANSFER_REGRESSION_EVIDENCE.md,evidence-transfer,/home/hatch/workspace/msve-design/work-order-0.8.6-candidate/owner-review-transfer/MSVE_v0.8.6_TRANSFER_REGRESSION_EVIDENCE.md,NOT RECORDED,2026-10-09T13:54:23Z,13895,c33d3c8d864661df2b27ba7e53e3c14db65b752c06b48216832d3d08b6dd3448,ORIGINAL-PRESERVED,ORIGINAL-PRESERVED / HASH-VERIFIED,HIGH,,Byte-identical copy verified against source at archival time
MSVE-0216,MSVE_v0.8.6_TRANSFER_VERIFICATION_RECORD.md,history-bank/work-orders/work-order-0.8.6-candidate/owner-review-transfer/MSVE_v0.8.6_TRANSFER_VERIFICATION_RECORD.md,report,/home/hatch/workspace/msve-design/work-order-0.8.6-candidate/owner-review-transfer/MSVE_v0.8.6_TRANSFER_VERIFICATION_RECORD.md,NOT RECORDED,2026-10-09T13:54:41Z,3570,37d0d17aa9b21ca96ce7088a5a033d2d98577f7b8a745afb40c3736528d78fe6,ORIGINAL-PRESERVED,ORIGINAL-PRESERVED / HASH-VERIFIED,HIGH,,Byte-identical copy verified against source at archival time
MSVE-0217,MSVE_v0.8.5.2_AUDIT_MANIFEST.json,history-bank/work-orders/work-order-0.8.5.2-audit/MSVE_v0.8.5.2_AUDIT_MANIFEST.json,machine-manifest,/home/hatch/workspace/msve-design/work-order-0.8.5.2-audit/MSVE_v0.8.5.2_AUDIT_MANIFEST.json,NOT RECORDED,2026-10-09T13:35:50Z,1236,b9b987053f4691fb584325b0adf48bb4d91c7d4691f03365d26d223489194fb1,ORIGINAL-PRESERVED,ORIGINAL-PRESERVED / HASH-VERIFIED,HIGH,,Byte-identical copy verified against source at archival time
MSVE-0218,MSVE_v0.8.5.2_EVIDENCE_INDEX.md,history-bank/work-orders/work-order-0.8.5.2-audit/MSVE_v0.8.5.2_EVIDENCE_INDEX.md,evidence-transfer,/home/hatch/workspace/msve-design/work-order-0.8.5.2-audit/MSVE_v0.8.5.2_EVIDENCE_INDEX.md,NOT RECORDED,2026-10-09T13:35:47Z,2814,9864f943401fc6bb0db4903a023899888b74039069704194c86f7c3b97bfa2b0,ORIGINAL-PRESERVED,ORIGINAL-PRESERVED / HASH-VERIFIED,HIGH,,Byte-identical copy verified against source at archival time
MSVE-0219,MSVE_v0.8.5.2_F20_PROSE_FORMULA_ALIGNMENT.md,history-bank/work-orders/work-order-0.8.5.2-audit/MSVE_v0.8.5.2_F20_PROSE_FORMULA_ALIGNMENT.md,report,/home/hatch/workspace/msve-design/work-order-0.8.5.2-audit/MSVE_v0.8.5.2_F20_PROSE_FORMULA_ALIGNMENT.md,NOT RECORDED,2026-10-09T13:35:40Z,3416,ad2cf0267f83768c11e6f804dbda04ee42154eedcc4d8bcb953e1a0228721b6f,ORIGINAL-PRESERVED,ORIGINAL-PRESERVED / HASH-VERIFIED,HIGH,,Byte-identical copy verified against source at archival time
MSVE-0220,MSVE_v0.8.5.2_F21_ASSURANCE_EVIDENCE_AUDIT.md,history-bank/work-orders/work-order-0.8.5.2-audit/MSVE_v0.8.5.2_F21_ASSURANCE_EVIDENCE_AUDIT.md,evidence-transfer,/home/hatch/workspace/msve-design/work-order-0.8.5.2-audit/MSVE_v0.8.5.2_F21_ASSURANCE_EVIDENCE_AUDIT.md,NOT RECORDED,2026-10-09T13:35:32Z,5660,19a5b7c1b61d91d3d455f6bcad868f082511ac971d5a428d4470f81dc60d6db9,ORIGINAL-PRESERVED,ORIGINAL-PRESERVED / HASH-VERIFIED,HIGH,,Byte-identical copy verified against source at archival time
MSVE-0221,MSVE_v0.8.5.2_F22_TRANSFER_RECONCILIATION.md,history-bank/work-orders/work-order-0.8.5.2-audit/MSVE_v0.8.5.2_F22_TRANSFER_RECONCILIATION.md,report,/home/hatch/workspace/msve-design/work-order-0.8.5.2-audit/MSVE_v0.8.5.2_F22_TRANSFER_RECONCILIATION.md,NOT RECORDED,2026-10-09T13:35:22Z,1861,cc24b9d2c54ed55b27a937946ff64c3a965274d21009d877c585bca1d97b9b1e,ORIGINAL-PRESERVED,ORIGINAL-PRESERVED / HASH-VERIFIED,HIGH,,Byte-identical copy verified against source at archival time
MSVE-0222,MSVE_v0.8.5_CHECK_RECONCILIATION_CORRECTED.md,history-bank/work-orders/work-order-0.8.5.2-audit/MSVE_v0.8.5_CHECK_RECONCILIATION_CORRECTED.md,report,/home/hatch/workspace/msve-design/work-order-0.8.5.2-audit/MSVE_v0.8.5_CHECK_RECONCILIATION_CORRECTED.md,NOT RECORDED,2026-10-09T13:35:15Z,5372,658d9256f40dd8adba33c7a72c4e0e19ca5e749015abf6bc8a99e2e3edaa1506,ORIGINAL-PRESERVED,ORIGINAL-PRESERVED / HASH-VERIFIED,HIGH,,Byte-identical copy verified against source at archival time
MSVE-0223,f21_assurance_tests.py,history-bank/work-orders/work-order-0.8.5.2-audit/f21_assurance_tests.py,model-or-script,/home/hatch/workspace/msve-design/work-order-0.8.5.2-audit/f21_assurance_tests.py,NOT RECORDED,2026-10-09T13:34:23Z,4382,3e118600da63ceef02e29237c4ad8f53d3a92cacc1729feb3451dee5725a7224,ORIGINAL-PRESERVED,ORIGINAL-PRESERVED / HASH-VERIFIED,HIGH,,Byte-identical copy verified against source at archival time
MSVE-0224,MSVE_v0.8.5_AUDIT_MANIFEST.json,history-bank/work-orders/work-order-0.8.5-audit-reconciliation/MSVE_v0.8.5_AUDIT_MANIFEST.json,machine-manifest,/home/hatch/workspace/msve-design/work-order-0.8.5-audit-reconciliation/MSVE_v0.8.5_AUDIT_MANIFEST.json,NOT RECORDED,2026-10-09T13:15:36Z,1655,7689a7a629399812975479d0919b284e1fa49e435264c19cc9d38736f1fb2a21,ORIGINAL-PRESERVED,ORIGINAL-PRESERVED / HASH-VERIFIED,HIGH,,Byte-identical copy verified against source at archival time
MSVE-0225,MSVE_v0.8.5_CHECK_RECONCILIATION.md,history-bank/work-orders/work-order-0.8.5-audit-reconciliation/MSVE_v0.8.5_CHECK_RECONCILIATION.md,report,/home/hatch/workspace/msve-design/work-order-0.8.5-audit-reconciliation/MSVE_v0.8.5_CHECK_RECONCILIATION.md,NOT RECORDED,2026-10-09T13:22:03Z,5354,4ec9afa1bab137d29ee49ab7b3e446fc2955a447801aa03180cc5a265d3c3eee,ORIGINAL-PRESERVED,ORIGINAL-PRESERVED / HASH-VERIFIED,HIGH,,Byte-identical copy verified against source at archival time
MSVE-0226,MSVE_v0.8.5_EVIDENCE_INDEX.md,history-bank/work-orders/work-order-0.8.5-audit-reconciliation/MSVE_v0.8.5_EVIDENCE_INDEX.md,evidence-transfer,/home/hatch/workspace/msve-design/work-order-0.8.5-audit-reconciliation/MSVE_v0.8.5_EVIDENCE_INDEX.md,NOT RECORDED,2026-10-09T13:15:32Z,3290,4d8df7bcc37e488cb9979b74d36a1ee0abb13f0d14a600fefb1e6e69e79a8923,ORIGINAL-PRESERVED,ORIGINAL-PRESERVED / HASH-VERIFIED,HIGH,,Byte-identical copy verified against source at archival time
MSVE-0227,MSVE_v0.8.5_F20_ADJUDICATION.md,history-bank/work-orders/work-order-0.8.5-audit-reconciliation/MSVE_v0.8.5_F20_ADJUDICATION.md,report,/home/hatch/workspace/msve-design/work-order-0.8.5-audit-reconciliation/MSVE_v0.8.5_F20_ADJUDICATION.md,NOT RECORDED,2026-10-09T13:15:21Z,4796,c94b8dc0b19654ae7eee7a3da0e85521a5dddfe07406929fbcb8ee5e41ff4376,ORIGINAL-PRESERVED,ORIGINAL-PRESERVED / HASH-VERIFIED,HIGH,,Byte-identical copy verified against source at archival time
MSVE-0228,MSVE_v0.8.5_F20_CORRECTION_PROPOSAL.md,history-bank/work-orders/work-order-0.8.5-audit-reconciliation/MSVE_v0.8.5_F20_CORRECTION_PROPOSAL.md,report,/home/hatch/workspace/msve-design/work-order-0.8.5-audit-reconciliation/MSVE_v0.8.5_F20_CORRECTION_PROPOSAL.md,NOT RECORDED,2026-10-09T13:15:25Z,1507,07d7878c7668df3fe2261471dc358348046abfa11cf39d8eb4e806f1687f2615,ORIGINAL-PRESERVED,ORIGINAL-PRESERVED / HASH-VERIFIED,HIGH,,Byte-identical copy verified against source at archival time
MSVE-0229,MSVE_v0.8.5_SATISFIABILITY_SCOPE.md,history-bank/work-orders/work-order-0.8.5-audit-reconciliation/MSVE_v0.8.5_SATISFIABILITY_SCOPE.md,report,/home/hatch/workspace/msve-design/work-order-0.8.5-audit-reconciliation/MSVE_v0.8.5_SATISFIABILITY_SCOPE.md,NOT RECORDED,2026-10-09T13:22:06Z,4268,e13bc5b70d1a4a103a6f6d8b98137956ad6665d5f4f22dfa65a91c0a6238b336,ORIGINAL-PRESERVED,ORIGINAL-PRESERVED / HASH-VERIFIED,HIGH,,Byte-identical copy verified against source at archival time
MSVE-0230,dump_assignment.py,history-bank/work-orders/work-order-0.8.5-audit-reconciliation/dump_assignment.py,model-or-script,/home/hatch/workspace/msve-design/work-order-0.8.5-audit-reconciliation/dump_assignment.py,NOT RECORDED,2026-10-09T13:14:26Z,1963,c31e585601150a35b617ab6da6b584a9e41f80048ebf9e169344963eb0e933be,ORIGINAL-PRESERVED,ORIGINAL-PRESERVED / HASH-VERIFIED,HIGH,,Byte-identical copy verified against source at archival time
MSVE-0231,f20_adjudication.py,history-bank/work-orders/work-order-0.8.5-audit-reconciliation/f20_adjudication.py,model-or-script,/home/hatch/workspace/msve-design/work-order-0.8.5-audit-reconciliation/f20_adjudication.py,NOT RECORDED,2026-10-09T13:14:51Z,3116,8f7951de22de8d13a7991399424b3539d784ff55833c69118757acdf8b2ca943,ORIGINAL-PRESERVED,ORIGINAL-PRESERVED / HASH-VERIFIED,HIGH,,Byte-identical copy verified against source at archival time
MSVE-0232,run_audit_raw_output.txt,history-bank/work-orders/work-order-0.8.5-audit-reconciliation/run_audit_raw_output.txt,raw-log,/home/hatch/workspace/msve-design/work-order-0.8.5-audit-reconciliation/run_audit_raw_output.txt,NOT RECORDED,2026-10-09T13:14:13Z,2473,4c0393b45fd4239826b838b18fae0e806e308250cf9916ea9eae334b2eeedb2a,ORIGINAL-PRESERVED,ORIGINAL-PRESERVED / HASH-VERIFIED,HIGH,,Byte-identical copy verified against source at archival time
MSVE-0233,s1_assignment.json,history-bank/work-orders/work-order-0.8.5-audit-reconciliation/s1_assignment.json,machine-manifest,/home/hatch/workspace/msve-design/work-order-0.8.5-audit-reconciliation/s1_assignment.json,NOT RECORDED,2026-10-09T13:14:27Z,1111,4363424bb13897ff8383ac3badaefa38e414e18cdd02558835ee16911a7832f6,ORIGINAL-PRESERVED,ORIGINAL-PRESERVED / HASH-VERIFIED,HIGH,,Byte-identical copy verified against source at archival time
MSVE-0234,MSVE_v0.8.5_CHECK_RECONCILIATION.md,history-bank/work-orders/work-order-0.8.5-audit-reconciliation/transfer/MSVE_v0.8.5_CHECK_RECONCILIATION.md,report,/home/hatch/workspace/msve-design/work-order-0.8.5-audit-reconciliation/transfer/MSVE_v0.8.5_CHECK_RECONCILIATION.md,NOT RECORDED,2026-10-09T13:24:53Z,5354,4ec9afa1bab137d29ee49ab7b3e446fc2955a447801aa03180cc5a265d3c3eee,ORIGINAL-PRESERVED,ORIGINAL-PRESERVED / HASH-VERIFIED,HIGH,,Byte-identical copy verified against source at archival time
MSVE-0235,MSVE_v0.8.5_EVIDENCE_INDEX.md,history-bank/work-orders/work-order-0.8.5-audit-reconciliation/transfer/MSVE_v0.8.5_EVIDENCE_INDEX.md,evidence-transfer,/home/hatch/workspace/msve-design/work-order-0.8.5-audit-reconciliation/transfer/MSVE_v0.8.5_EVIDENCE_INDEX.md,NOT RECORDED,2026-10-09T13:24:53Z,3290,4d8df7bcc37e488cb9979b74d36a1ee0abb13f0d14a600fefb1e6e69e79a8923,ORIGINAL-PRESERVED,ORIGINAL-PRESERVED / HASH-VERIFIED,HIGH,,Byte-identical copy verified against source at archival time
MSVE-0236,MSVE_v0.8.5_F20_ADJUDICATION.md,history-bank/work-orders/work-order-0.8.5-audit-reconciliation/transfer/MSVE_v0.8.5_F20_ADJUDICATION.md,report,/home/hatch/workspace/msve-design/work-order-0.8.5-audit-reconciliation/transfer/MSVE_v0.8.5_F20_ADJUDICATION.md,NOT RECORDED,2026-10-09T13:24:53Z,4796,c94b8dc0b19654ae7eee7a3da0e85521a5dddfe07406929fbcb8ee5e41ff4376,ORIGINAL-PRESERVED,ORIGINAL-PRESERVED / HASH-VERIFIED,HIGH,,Byte-identical copy verified against source at archival time
MSVE-0237,MSVE_v0.8.5_SATISFIABILITY_SCOPE.md,history-bank/work-orders/work-order-0.8.5-audit-reconciliation/transfer/MSVE_v0.8.5_SATISFIABILITY_SCOPE.md,report,/home/hatch/workspace/msve-design/work-order-0.8.5-audit-reconciliation/transfer/MSVE_v0.8.5_SATISFIABILITY_SCOPE.md,NOT RECORDED,2026-10-09T13:24:53Z,4268,e13bc5b70d1a4a103a6f6d8b98137956ad6665d5f4f22dfa65a91c0a6238b336,ORIGINAL-PRESERVED,ORIGINAL-PRESERVED / HASH-VERIFIED,HIGH,,Byte-identical copy verified against source at archival time
MSVE-0238,MSVE_v0.8.5_TRANSFER_MANIFEST.md,history-bank/work-orders/work-order-0.8.5-audit-reconciliation/transfer/MSVE_v0.8.5_TRANSFER_MANIFEST.md,manifest,/home/hatch/workspace/msve-design/work-order-0.8.5-audit-reconciliation/transfer/MSVE_v0.8.5_TRANSFER_MANIFEST.md,NOT RECORDED,2026-10-09T13:25:05Z,4964,f1252ac8ea46b0a4d1e28c9e642d0174246dc2a7bf1cc533e293c5359061d717,ORIGINAL-PRESERVED,ORIGINAL-PRESERVED / HASH-VERIFIED,HIGH,,Byte-identical copy verified against source at archival time
MSVE-0239,MSVE_v0.8.4_AUDIT_INPUT_MANIFEST.md,history-bank/work-orders/work-order-0.8.4-audit/MSVE_v0.8.4_AUDIT_INPUT_MANIFEST.md,manifest,/home/hatch/workspace/msve-design/work-order-0.8.4-audit/MSVE_v0.8.4_AUDIT_INPUT_MANIFEST.md,NOT RECORDED,2026-10-09T13:01:30Z,2435,1c39690f4be54c06fcb5404c0787085564ae46a36435f1df08bed3af7a3eb914,ORIGINAL-PRESERVED,ORIGINAL-PRESERVED / HASH-VERIFIED,HIGH,,Byte-identical copy verified against source at archival time
MSVE-0240,MSVE_v0.8.4_AUDIT_MANIFEST.json,history-bank/work-orders/work-order-0.8.4-audit/MSVE_v0.8.4_AUDIT_MANIFEST.json,machine-manifest,/home/hatch/workspace/msve-design/work-order-0.8.4-audit/MSVE_v0.8.4_AUDIT_MANIFEST.json,NOT RECORDED,2026-10-09T13:07:02Z,2330,9e34a26c77d9ccb9de8ee924f4aa5a3a2d1d6cf394dd95ac676b234f9ca4c7cf,ORIGINAL-PRESERVED,ORIGINAL-PRESERVED / HASH-VERIFIED,HIGH,,Byte-identical copy verified against source at archival time
MSVE-0241,MSVE_v0.8.4_FORMALIZATION_RECONCILIATION.md,history-bank/work-orders/work-order-0.8.4-audit/MSVE_v0.8.4_FORMALIZATION_RECONCILIATION.md,report,/home/hatch/workspace/msve-design/work-order-0.8.4-audit/MSVE_v0.8.4_FORMALIZATION_RECONCILIATION.md,NOT RECORDED,2026-10-09T13:04:01Z,4382,b59461781e534154e72ae6b2a4612fe723820d9acfbdc78b4da193d5b768a482,ORIGINAL-PRESERVED,ORIGINAL-PRESERVED / HASH-VERIFIED,HIGH,,Byte-identical copy verified against source at archival time
MSVE-0242,MSVE_v0.8.4_INVARIANT_FORMALIZATION_A.md,history-bank/work-orders/work-order-0.8.4-audit/MSVE_v0.8.4_INVARIANT_FORMALIZATION_A.md,report,/home/hatch/workspace/msve-design/work-order-0.8.4-audit/MSVE_v0.8.4_INVARIANT_FORMALIZATION_A.md,NOT RECORDED,2026-10-09T13:06:25Z,25751,434f2ded2fddfc3e9befcd9c3dbaac5939d7eb8d632c78c42cbb16035efb5079,ORIGINAL-PRESERVED,ORIGINAL-PRESERVED / HASH-VERIFIED,HIGH,,Byte-identical copy verified against source at archival time
MSVE-0243,MSVE_v0.8.4_INVARIANT_FORMALIZATION_B.md,history-bank/work-orders/work-order-0.8.4-audit/MSVE_v0.8.4_INVARIANT_FORMALIZATION_B.md,report,/home/hatch/workspace/msve-design/work-order-0.8.4-audit/MSVE_v0.8.4_INVARIANT_FORMALIZATION_B.md,NOT RECORDED,2026-10-09T13:06:25Z,26862,f8dd6f359ad08f50fd72f16d75b019dc6bb9a9b3569614291829c3a5f204da7d,ORIGINAL-PRESERVED,ORIGINAL-PRESERVED / HASH-VERIFIED,HIGH,,Byte-identical copy verified against source at archival time
MSVE-0244,MSVE_v0.8.4_OWNER_HANDOFF.md,history-bank/work-orders/work-order-0.8.4-audit/MSVE_v0.8.4_OWNER_HANDOFF.md,handoff,/home/hatch/workspace/msve-design/work-order-0.8.4-audit/MSVE_v0.8.4_OWNER_HANDOFF.md,NOT RECORDED,2026-10-09T13:07:00Z,3342,2ecaaabae8587416547ca6cd8c4061eb0ed539442a4542bc553b2822cccd2a88,ORIGINAL-PRESERVED,ORIGINAL-PRESERVED / HASH-VERIFIED,HIGH,,Byte-identical copy verified against source at archival time
MSVE-0245,MSVE_v0.8.4_SCHEMA_CONSISTENCY_REPORT.md,history-bank/work-orders/work-order-0.8.4-audit/MSVE_v0.8.4_SCHEMA_CONSISTENCY_REPORT.md,report,/home/hatch/workspace/msve-design/work-order-0.8.4-audit/MSVE_v0.8.4_SCHEMA_CONSISTENCY_REPORT.md,NOT RECORDED,2026-10-09T13:06:37Z,5820,fef4fac2919254b8619dc9742f9c1df03a60448eeee8180da507d97561223d46,ORIGINAL-PRESERVED,ORIGINAL-PRESERVED / HASH-VERIFIED,HIGH,,Byte-identical copy verified against source at archival time
MSVE-0246,MSVE_v0.8.4_VERIFICATION_EVIDENCE.md,history-bank/work-orders/work-order-0.8.4-audit/MSVE_v0.8.4_VERIFICATION_EVIDENCE.md,evidence-transfer,/home/hatch/workspace/msve-design/work-order-0.8.4-audit/MSVE_v0.8.4_VERIFICATION_EVIDENCE.md,NOT RECORDED,2026-10-09T13:06:54Z,2570,72960cb6b15d48f770e11f5deed4ce06a7d9f112c831c14b86eea5cd73b1fa86,ORIGINAL-PRESERVED,ORIGINAL-PRESERVED / HASH-VERIFIED,HIGH,,Byte-identical copy verified against source at archival time
MSVE-0247,MSVE_v0.8.4_WITNESS_AND_COUNTERMODEL_CATALOG.md,history-bank/work-orders/work-order-0.8.4-audit/MSVE_v0.8.4_WITNESS_AND_COUNTERMODEL_CATALOG.md,report,/home/hatch/workspace/msve-design/work-order-0.8.4-audit/MSVE_v0.8.4_WITNESS_AND_COUNTERMODEL_CATALOG.md,NOT RECORDED,2026-10-09T13:06:47Z,4853,76cf92b1b6e170d286e3ca3c1045f6cfebae4556fc1408a083ee6356bda6f262,ORIGINAL-PRESERVED,ORIGINAL-PRESERVED / HASH-VERIFIED,HIGH,,Byte-identical copy verified against source at archival time
MSVE-0248,audit_model.py,history-bank/work-orders/work-order-0.8.4-audit/audit_model.py,model-or-script,/home/hatch/workspace/msve-design/work-order-0.8.4-audit/audit_model.py,NOT RECORDED,2026-10-09T13:05:18Z,13505,ec43524b5e252f2987fc0dcf77257173277496a825b82722d3abed445075aa54,ORIGINAL-PRESERVED,ORIGINAL-PRESERVED / HASH-VERIFIED,HIGH,,Byte-identical copy verified against source at archival time
MSVE-0249,dump_witnesses.py,history-bank/work-orders/work-order-0.8.4-audit/dump_witnesses.py,model-or-script,/home/hatch/workspace/msve-design/work-order-0.8.4-audit/dump_witnesses.py,NOT RECORDED,2026-10-09T13:06:06Z,2608,9f4995c5bf02623ec0c7882aa4b8671c087579b3a34570a6d31d24a06fa55d11,ORIGINAL-PRESERVED,ORIGINAL-PRESERVED / HASH-VERIFIED,HIGH,,Byte-identical copy verified against source at archival time
MSVE-0250,formalization-A-draft.md,history-bank/work-orders/work-order-0.8.4-audit/formalization-A-draft.md,report,/home/hatch/workspace/msve-design/work-order-0.8.4-audit/formalization-A-draft.md,NOT RECORDED,2026-10-09T13:02:57Z,25751,434f2ded2fddfc3e9befcd9c3dbaac5939d7eb8d632c78c42cbb16035efb5079,ORIGINAL-PRESERVED,ORIGINAL-PRESERVED / HASH-VERIFIED,HIGH,,Byte-identical copy verified against source at archival time
MSVE-0251,formalization-B-draft.md,history-bank/work-orders/work-order-0.8.4-audit/formalization-B-draft.md,report,/home/hatch/workspace/msve-design/work-order-0.8.4-audit/formalization-B-draft.md,NOT RECORDED,2026-10-09T13:03:12Z,26862,f8dd6f359ad08f50fd72f16d75b019dc6bb9a9b3569614291829c3a5f204da7d,ORIGINAL-PRESERVED,ORIGINAL-PRESERVED / HASH-VERIFIED,HIGH,,Byte-identical copy verified against source at archival time
MSVE-0252,run_audit.py,history-bank/work-orders/work-order-0.8.4-audit/run_audit.py,model-or-script,/home/hatch/workspace/msve-design/work-order-0.8.4-audit/run_audit.py,NOT RECORDED,2026-10-09T13:05:12Z,17360,32de9b0365847a1f6800e8967d089c3958e7ce9410eeadea6fec124e54c867b0,ORIGINAL-PRESERVED,ORIGINAL-PRESERVED / HASH-VERIFIED,HIGH,,Byte-identical copy verified against source at archival time
MSVE-0253,MSVE_ACCEPTANCE_PLAN_v0.8.md,history-bank/work-orders/work-order-0.8.3-candidate/MSVE_ACCEPTANCE_PLAN_v0.8.md,report,/home/hatch/workspace/msve-design/work-order-0.8.3-candidate/MSVE_ACCEPTANCE_PLAN_v0.8.md,NOT RECORDED,2026-10-09T12:49:12Z,8935,92b234d20f67c10bf74e1f4781dc1dc3214b9530a3eca006ee033a0fc6d8b2d3,ORIGINAL-PRESERVED,ORIGINAL-PRESERVED / HASH-VERIFIED,HIGH,,Byte-identical copy verified against source at archival time
MSVE-0254,MSVE_CAPABILITY_MATRIX_v0.8.md,history-bank/work-orders/work-order-0.8.3-candidate/MSVE_CAPABILITY_MATRIX_v0.8.md,report,/home/hatch/workspace/msve-design/work-order-0.8.3-candidate/MSVE_CAPABILITY_MATRIX_v0.8.md,NOT RECORDED,2026-10-09T12:49:04Z,2022,28838a24eeae5a81557a86fb3c6beb64e32fb17e27e32aeaea94a017a7691d2f,ORIGINAL-PRESERVED,ORIGINAL-PRESERVED / HASH-VERIFIED,HIGH,,Byte-identical copy verified against source at archival time
MSVE-0255,MSVE_DESIGN_REVIEW_v0.8.md,history-bank/work-orders/work-order-0.8.3-candidate/MSVE_DESIGN_REVIEW_v0.8.md,review-report,/home/hatch/workspace/msve-design/work-order-0.8.3-candidate/MSVE_DESIGN_REVIEW_v0.8.md,NOT RECORDED,2026-10-09T12:49:07Z,11156,d7be8c8db1c1e2f1db73efac8287ec3545c2390829f8c43f008fa46093671015,ORIGINAL-PRESERVED,ORIGINAL-PRESERVED / HASH-VERIFIED,HIGH,,Byte-identical copy verified against source at archival time
MSVE-0256,MSVE_DESIGN_SPEC_v0.8.md,history-bank/work-orders/work-order-0.8.3-candidate/MSVE_DESIGN_SPEC_v0.8.md,report,/home/hatch/workspace/msve-design/work-order-0.8.3-candidate/MSVE_DESIGN_SPEC_v0.8.md,NOT RECORDED,2026-10-09T12:49:47Z,83036,9f692585cfe9c4e9322afdb75d2ff52081fcdd55ffbcc59f5a21f5251fa7c003,ORIGINAL-PRESERVED,ORIGINAL-PRESERVED / HASH-VERIFIED,HIGH,,Byte-identical copy verified against source at archival time
MSVE-0257,MSVE_REGRESSION_LEDGER_v0.8.md,history-bank/work-orders/work-order-0.8.3-candidate/MSVE_REGRESSION_LEDGER_v0.8.md,report,/home/hatch/workspace/msve-design/work-order-0.8.3-candidate/MSVE_REGRESSION_LEDGER_v0.8.md,NOT RECORDED,2026-10-09T12:46:47Z,34625,e04a05e68e92ce541349138395a42308d172998b2fd309fe2963ede6cdf22bf1,ORIGINAL-PRESERVED,ORIGINAL-PRESERVED / HASH-VERIFIED,HIGH,,Byte-identical copy verified against source at archival time
MSVE-0258,MSVE_VISUALISATION_PLAN_v0.8.md,history-bank/work-orders/work-order-0.8.3-candidate/MSVE_VISUALISATION_PLAN_v0.8.md,report,/home/hatch/workspace/msve-design/work-order-0.8.3-candidate/MSVE_VISUALISATION_PLAN_v0.8.md,NOT RECORDED,2026-10-09T12:49:14Z,6697,fb03b6098aecb6b98ca31cf0c9eac092620075480c59def0602f122c449e28dd,ORIGINAL-PRESERVED,ORIGINAL-PRESERVED / HASH-VERIFIED,HIGH,,Byte-identical copy verified against source at archival time
MSVE-0259,MSVE_v0.8.3_CANDIDATE_MANIFEST.json,history-bank/work-orders/work-order-0.8.3-candidate/MSVE_v0.8.3_CANDIDATE_MANIFEST.json,machine-manifest,/home/hatch/workspace/msve-design/work-order-0.8.3-candidate/MSVE_v0.8.3_CANDIDATE_MANIFEST.json,NOT RECORDED,2026-10-09T12:51:24Z,29268,180eea00d8b9ad977a25e723aaccbe1a9964af05b26ec54905a9e3c57ca4bb7c,ORIGINAL-PRESERVED,ORIGINAL-PRESERVED / HASH-VERIFIED,HIGH,,Byte-identical copy verified against source at archival time
MSVE-0260,MSVE_v0.8.3_CORRECTION_REPORT.md,history-bank/work-orders/work-order-0.8.3-candidate/MSVE_v0.8.3_CORRECTION_REPORT.md,report,/home/hatch/workspace/msve-design/work-order-0.8.3-candidate/MSVE_v0.8.3_CORRECTION_REPORT.md,NOT RECORDED,2026-10-09T12:50:56Z,3780,49a498e23fda17608876fa03209ce3aac9a90ac5ef46ba2a57e27e7b706aa633,ORIGINAL-PRESERVED,ORIGINAL-PRESERVED / HASH-VERIFIED,HIGH,,Byte-identical copy verified against source at archival time
MSVE-0261,MSVE_v0.8.3_CROSS_DOCUMENT_MATRIX.md,history-bank/work-orders/work-order-0.8.3-candidate/MSVE_v0.8.3_CROSS_DOCUMENT_MATRIX.md,report,/home/hatch/workspace/msve-design/work-order-0.8.3-candidate/MSVE_v0.8.3_CROSS_DOCUMENT_MATRIX.md,NOT RECORDED,2026-10-09T12:51:08Z,2626,1cff2f14b7e9699329b784b8959e82eb7cd164e5d119d8c6874d07dc67d0717d,ORIGINAL-PRESERVED,ORIGINAL-PRESERVED / HASH-VERIFIED,HIGH,,Byte-identical copy verified against source at archival time
MSVE-0262,MSVE_v0.8.3_OWNER_HANDOFF.md,history-bank/work-orders/work-order-0.8.3-candidate/MSVE_v0.8.3_OWNER_HANDOFF.md,handoff,/home/hatch/workspace/msve-design/work-order-0.8.3-candidate/MSVE_v0.8.3_OWNER_HANDOFF.md,NOT RECORDED,2026-10-09T12:51:19Z,1838,2928b424bbf06c065b848e8085cd083bc0549516b4d25f8cc6b6958153d578ce,ORIGINAL-PRESERVED,ORIGINAL-PRESERVED / HASH-VERIFIED,HIGH,,Byte-identical copy verified against source at archival time
MSVE-0263,MSVE_v0.8.3_PROVENANCE.md,history-bank/work-orders/work-order-0.8.3-candidate/MSVE_v0.8.3_PROVENANCE.md,report,/home/hatch/workspace/msve-design/work-order-0.8.3-candidate/MSVE_v0.8.3_PROVENANCE.md,NOT RECORDED,2026-10-09T12:51:24Z,14214,593efe26933665e810ca58eb97336c84993ce84b3cbd429e9e4713753c0c076e,ORIGINAL-PRESERVED,ORIGINAL-PRESERVED / HASH-VERIFIED,HIGH,,Byte-identical copy verified against source at archival time
MSVE-0264,MSVE_v0.8.3_RESIDUAL_DEFECT_LEDGER.md,history-bank/work-orders/work-order-0.8.3-candidate/MSVE_v0.8.3_RESIDUAL_DEFECT_LEDGER.md,report,/home/hatch/workspace/msve-design/work-order-0.8.3-candidate/MSVE_v0.8.3_RESIDUAL_DEFECT_LEDGER.md,NOT RECORDED,2026-10-09T12:51:02Z,3033,b3947543bb4245786e550f2743f18e7046236b1fdab0d10ece01efe21d0494d8,ORIGINAL-PRESERVED,ORIGINAL-PRESERVED / HASH-VERIFIED,HIGH,,Byte-identical copy verified against source at archival time
MSVE-0265,MSVE_v0.8.3_VERIFICATION_EVIDENCE.md,history-bank/work-orders/work-order-0.8.3-candidate/MSVE_v0.8.3_VERIFICATION_EVIDENCE.md,evidence-transfer,/home/hatch/workspace/msve-design/work-order-0.8.3-candidate/MSVE_v0.8.3_VERIFICATION_EVIDENCE.md,NOT RECORDED,2026-10-09T12:51:14Z,2988,631d0f1e3f3d3e0c127abcaa6c59c715ebb0e4b2c16a720d5a4f364219183457,ORIGINAL-PRESERVED,ORIGINAL-PRESERVED / HASH-VERIFIED,HIGH,,Byte-identical copy verified against source at archival time
MSVE-0266,MSVE_v0.8_DEFECT_TRACEABILITY.md,history-bank/work-orders/work-order-0.8.3-candidate/MSVE_v0.8_DEFECT_TRACEABILITY.md,report,/home/hatch/workspace/msve-design/work-order-0.8.3-candidate/MSVE_v0.8_DEFECT_TRACEABILITY.md,NOT RECORDED,2026-10-09T12:46:47Z,7805,bce08e419d38d354bfb61aeb916ea60f8a0fd3a3532bea6190d2ac81477b3b4a,ORIGINAL-PRESERVED,ORIGINAL-PRESERVED / HASH-VERIFIED,HIGH,,Byte-identical copy verified against source at archival time
MSVE-0267,MSVE_v0.8_READINESS_EVIDENCE_MATRIX.md,history-bank/work-orders/work-order-0.8.3-candidate/MSVE_v0.8_READINESS_EVIDENCE_MATRIX.md,evidence-transfer,/home/hatch/workspace/msve-design/work-order-0.8.3-candidate/MSVE_v0.8_READINESS_EVIDENCE_MATRIX.md,NOT RECORDED,2026-10-09T12:50:45Z,11367,608e2c89e03bb1ba13c873a957f34153d1aee597ad1cce021640ac4d15ec077f,ORIGINAL-PRESERVED,ORIGINAL-PRESERVED / HASH-VERIFIED,HIGH,,Byte-identical copy verified against source at archival time
MSVE-0268,README.md,history-bank/work-orders/work-order-0.8.3-candidate/m8-candidate/README.md,report,/home/hatch/workspace/msve-design/work-order-0.8.3-candidate/m8-candidate/README.md,NOT RECORDED,2026-10-09T12:46:47Z,3896,772d0993a3782e1fc7a386eb5e787afd708265815cd5e63346f08aafbe71f7ad,ORIGINAL-PRESERVED,ORIGINAL-PRESERVED / HASH-VERIFIED,HIGH,,Byte-identical copy verified against source at archival time
MSVE-0269,__init__.py,history-bank/work-orders/work-order-0.8.3-candidate/m8-candidate/__init__.py,model-or-script,/home/hatch/workspace/msve-design/work-order-0.8.3-candidate/m8-candidate/__init__.py,NOT RECORDED,2026-10-09T12:46:47Z,67,5112fc6e78b2210dd05786169172e4b917f2d1e8457e41699d70cc4c3a0a859b,ORIGINAL-PRESERVED,ORIGINAL-PRESERVED / HASH-VERIFIED,HIGH,,Byte-identical copy verified against source at archival time
MSVE-0270,canonical.py,history-bank/work-orders/work-order-0.8.3-candidate/m8-candidate/canonical.py,model-or-script,/home/hatch/workspace/msve-design/work-order-0.8.3-candidate/m8-candidate/canonical.py,NOT RECORDED,2026-10-09T12:50:17Z,14085,da1734670d6c3d10c03a53699b41d8bce6a74e430bc7c935ba86791151f2bc1c,ORIGINAL-PRESERVED,ORIGINAL-PRESERVED / HASH-VERIFIED,HIGH,,Byte-identical copy verified against source at archival time
MSVE-0271,cli.py,history-bank/work-orders/work-order-0.8.3-candidate/m8-candidate/cli.py,model-or-script,/home/hatch/workspace/msve-design/work-order-0.8.3-candidate/m8-candidate/cli.py,NOT RECORDED,2026-10-09T12:46:47Z,5930,000732a10a61903e0173efd10c098a78958c4bdebeedeacef26eb8f1b193e4ec,ORIGINAL-PRESERVED,ORIGINAL-PRESERVED / HASH-VERIFIED,HIGH,,Byte-identical copy verified against source at archival time
MSVE-0272,grammar.py,history-bank/work-orders/work-order-0.8.3-candidate/m8-candidate/grammar.py,model-or-script,/home/hatch/workspace/msve-design/work-order-0.8.3-candidate/m8-candidate/grammar.py,NOT RECORDED,2026-10-09T12:46:47Z,6321,df26d22d8d97c02f2bbd7cc2655b94eb3f1a9bf9d233fcc31b687fb34e814336,ORIGINAL-PRESERVED,ORIGINAL-PRESERVED / HASH-VERIFIED,HIGH,,Byte-identical copy verified against source at archival time
MSVE-0273,lexer.py,history-bank/work-orders/work-order-0.8.3-candidate/m8-candidate/lexer.py,model-or-script,/home/hatch/workspace/msve-design/work-order-0.8.3-candidate/m8-candidate/lexer.py,NOT RECORDED,2026-10-09T12:46:47Z,6375,ef708b0e69c4e97e29221984f3be690463c22619d1e5d28225cf01d2cfbea3b2,ORIGINAL-PRESERVED,ORIGINAL-PRESERVED / HASH-VERIFIED,HIGH,,Byte-identical copy verified against source at archival time
MSVE-0274,parser.py,history-bank/work-orders/work-order-0.8.3-candidate/m8-candidate/parser.py,model-or-script,/home/hatch/workspace/msve-design/work-order-0.8.3-candidate/m8-candidate/parser.py,NOT RECORDED,2026-10-09T12:46:47Z,30216,7728b2882a5ee154fc3011a26a7e3c78bb03aadf4beb543cda36e54238a22a1f,ORIGINAL-PRESERVED,ORIGINAL-PRESERVED / HASH-VERIFIED,HIGH,,Byte-identical copy verified against source at archival time
MSVE-0275,resolve.py,history-bank/work-orders/work-order-0.8.3-candidate/m8-candidate/resolve.py,model-or-script,/home/hatch/workspace/msve-design/work-order-0.8.3-candidate/m8-candidate/resolve.py,NOT RECORDED,2026-10-09T12:47:33Z,7451,fbe084d993db67e09c1582d100121ccdd0ca90b68f9def6a601c8de798465bce,ORIGINAL-PRESERVED,ORIGINAL-PRESERVED / HASH-VERIFIED,HIGH,,Byte-identical copy verified against source at archival time
MSVE-0276,typecheck.py,history-bank/work-orders/work-order-0.8.3-candidate/m8-candidate/typecheck.py,model-or-script,/home/hatch/workspace/msve-design/work-order-0.8.3-candidate/m8-candidate/typecheck.py,NOT RECORDED,2026-10-09T12:47:39Z,36572,55ed38054416dd3e336d297f4efd5b78f667fc0a27d96420ce9fa5377f0c57ea,ORIGINAL-PRESERVED,ORIGINAL-PRESERVED / HASH-VERIFIED,HIGH,,Byte-identical copy verified against source at archival time
MSVE-0277,__init__.py,history-bank/work-orders/work-order-0.8.3-candidate/m8-candidate/tests/__init__.py,model-or-script,/home/hatch/workspace/msve-design/work-order-0.8.3-candidate/m8-candidate/tests/__init__.py,NOT RECORDED,2026-10-09T12:46:47Z,1556,671207b454c364a330090bef92fa92bf28eb83f053670499e1d85c2068ad0c6c,ORIGINAL-PRESERVED,ORIGINAL-PRESERVED / HASH-VERIFIED,HIGH,,Byte-identical copy verified against source at archival time
MSVE-0278,test_canonical.py,history-bank/work-orders/work-order-0.8.3-candidate/m8-candidate/tests/test_canonical.py,model-or-script,/home/hatch/workspace/msve-design/work-order-0.8.3-candidate/m8-candidate/tests/test_canonical.py,NOT RECORDED,2026-10-09T12:50:07Z,6018,cb67f0b79b61a5cfbf98dc35539d3bff48ddb9c2f6285d1dc6ee1c8a32fa6840,ORIGINAL-PRESERVED,ORIGINAL-PRESERVED / HASH-VERIFIED,HIGH,,Byte-identical copy verified against source at archival time
MSVE-0279,test_grammar_conformance.py,history-bank/work-orders/work-order-0.8.3-candidate/m8-candidate/tests/test_grammar_conformance.py,model-or-script,/home/hatch/workspace/msve-design/work-order-0.8.3-candidate/m8-candidate/tests/test_grammar_conformance.py,NOT RECORDED,2026-10-09T12:46:47Z,1326,c6cda78f566b582f6d4d1675821ee3771c7e7f5a1627dd00a02d7016af03f0d3,ORIGINAL-PRESERVED,ORIGINAL-PRESERVED / HASH-VERIFIED,HIGH,,Byte-identical copy verified against source at archival time
MSVE-0280,2026-10-09-m8-build.md,history-bank/work-orders/work-order-0.8.3-candidate/m8-candidate/runs/2026-10-09-m8-build.md,report,/home/hatch/workspace/msve-design/work-order-0.8.3-candidate/m8-candidate/runs/2026-10-09-m8-build.md,NOT RECORDED,2026-10-09T12:46:47Z,2739,8bdf657b670e07b33a32687cc82af46056627814ed3439a55aa2c5974789df92,ORIGINAL-PRESERVED,ORIGINAL-PRESERVED / HASH-VERIFIED,HIGH,,Byte-identical copy verified against source at archival time
MSVE-0281,phase0-capability-probe.md,history-bank/work-orders/work-order-0.8.3-candidate/m8-candidate/runs/phase0-capability-probe.md,report,/home/hatch/workspace/msve-design/work-order-0.8.3-candidate/m8-candidate/runs/phase0-capability-probe.md,NOT RECORDED,2026-10-09T12:46:47Z,1694,49e820fca06a3ff262fb277fde47d2b098ce98a349fb5e6968a97f7df272d004,ORIGINAL-PRESERVED,ORIGINAL-PRESERVED / HASH-VERIFIED,HIGH,,Byte-identical copy verified against source at archival time
MSVE-0282,arith-div-int-exact.msve,history-bank/work-orders/work-order-0.8.3-candidate/m8-candidate/corpus/arith-div-int-exact.msve,test-corpus-case,/home/hatch/workspace/msve-design/work-order-0.8.3-candidate/m8-candidate/corpus/arith-div-int-exact.msve,NOT RECORDED,2026-10-09T12:46:47Z,176,16835fce950231cb9591a24a6842ad7bdd0df426f12e5a08116ea1964961da96,ORIGINAL-PRESERVED,ORIGINAL-PRESERVED / HASH-VERIFIED,HIGH,,Byte-identical copy verified against source at archival time
MSVE-0283,arith-mixed-real-nat.msve,history-bank/work-orders/work-order-0.8.3-candidate/m8-candidate/corpus/arith-mixed-real-nat.msve,test-corpus-case,/home/hatch/workspace/msve-design/work-order-0.8.3-candidate/m8-candidate/corpus/arith-mixed-real-nat.msve,NOT RECORDED,2026-10-09T12:46:47Z,180,45d99dd2f2b846816a465f9bcc79f7b70d39061fcc181b322a4ddb21106fb7a1,ORIGINAL-PRESERVED,ORIGINAL-PRESERVED / HASH-VERIFIED,HIGH,,Byte-identical copy verified against source at archival time
MSVE-0284,arith-nat-int-embed.msve,history-bank/work-orders/work-order-0.8.3-candidate/m8-candidate/corpus/arith-nat-int-embed.msve,test-corpus-case,/home/hatch/workspace/msve-design/work-order-0.8.3-candidate/m8-candidate/corpus/arith-nat-int-embed.msve,NOT RECORDED,2026-10-09T12:46:47Z,177,ed3f28f2faaf8e691742dbde2a9566a2241845eb7339044040a1b3cea4b4783d,ORIGINAL-PRESERVED,ORIGINAL-PRESERVED / HASH-VERIFIED,HIGH,,Byte-identical copy verified against source at archival time
MSVE-0285,arith-neg3-plus2.msve,history-bank/work-orders/work-order-0.8.3-candidate/m8-candidate/corpus/arith-neg3-plus2.msve,test-corpus-case,/home/hatch/workspace/msve-design/work-order-0.8.3-candidate/m8-candidate/corpus/arith-neg3-plus2.msve,NOT RECORDED,2026-10-09T12:46:47Z,174,b5098e87e7126a798833494b86f66296192ec1f846bff2174783cb448b7b5d51,ORIGINAL-PRESERVED,ORIGINAL-PRESERVED / HASH-VERIFIED,HIGH,,Byte-identical copy verified against source at archival time
MSVE-0286,arith-unary-minus-nat.msve,history-bank/work-orders/work-order-0.8.3-candidate/m8-candidate/corpus/arith-unary-minus-nat.msve,test-corpus-case,/home/hatch/workspace/msve-design/work-order-0.8.3-candidate/m8-candidate/corpus/arith-unary-minus-nat.msve,NOT RECORDED,2026-10-09T12:46:47Z,175,866adefd32bbce859d0fa8e024c5453dfa6fdf7c156389371f1708acc90b946f,ORIGINAL-PRESERVED,ORIGINAL-PRESERVED / HASH-VERIFIED,HIGH,,Byte-identical copy verified against source at archival time
MSVE-0287,bare-quantifier.msve,history-bank/work-orders/work-order-0.8.3-candidate/m8-candidate/corpus/bare-quantifier.msve,test-corpus-case,/home/hatch/workspace/msve-design/work-order-0.8.3-candidate/m8-candidate/corpus/bare-quantifier.msve,NOT RECORDED,2026-10-09T12:46:47Z,198,fde406385f5b510aa39c5fcade88065176df19fb265837947062658173ae71b9,ORIGINAL-PRESERVED,ORIGINAL-PRESERVED / HASH-VERIFIED,HIGH,,Byte-identical copy verified against source at archival time
MSVE-0288,call-local-fn.msve,history-bank/work-orders/work-order-0.8.3-candidate/m8-candidate/corpus/call-local-fn.msve,test-corpus-case,/home/hatch/workspace/msve-design/work-order-0.8.3-candidate/m8-candidate/corpus/call-local-fn.msve,NOT RECORDED,2026-10-09T12:46:47Z,245,4d4b6de3545eceddebc1fa4c0ae812815ecb72f9392ed1064f853dc1682582cd,ORIGINAL-PRESERVED,ORIGINAL-PRESERVED / HASH-VERIFIED,HIGH,,Byte-identical copy verified against source at archival time
MSVE-0289,case-ok.msve,history-bank/work-orders/work-order-0.8.3-candidate/m8-candidate/corpus/case-ok.msve,test-corpus-case,/home/hatch/workspace/msve-design/work-order-0.8.3-candidate/m8-candidate/corpus/case-ok.msve,NOT RECORDED,2026-10-09T12:46:47Z,203,57327cb0b536fa4d6f1e71fd59216de8a104472bfd9ec959f9798d9fc03272cf,ORIGINAL-PRESERVED,ORIGINAL-PRESERVED / HASH-VERIFIED,HIGH,,Byte-identical copy verified against source at archival time
MSVE-0290,define-shadow-builtin.msve,history-bank/work-orders/work-order-0.8.3-candidate/m8-candidate/corpus/define-shadow-builtin.msve,test-corpus-case,/home/hatch/workspace/msve-design/work-order-0.8.3-candidate/m8-candidate/corpus/define-shadow-builtin.msve,NOT RECORDED,2026-10-09T12:46:47Z,179,a886a3939b0bdc452c080fde0adf01e9cf5bacdc2974e719dcc4970abacc32d7,ORIGINAL-PRESERVED,ORIGINAL-PRESERVED / HASH-VERIFIED,HIGH,,Byte-identical copy verified against source at archival time
MSVE-0291,f01-base-code.msve,history-bank/work-orders/work-order-0.8.3-candidate/m8-candidate/corpus/f01-base-code.msve,test-corpus-case,/home/hatch/workspace/msve-design/work-order-0.8.3-candidate/m8-candidate/corpus/f01-base-code.msve,NOT RECORDED,2026-10-09T12:47:45Z,397,35aeb61734dd245d4e0a39bb6ce7218de374c8ee9675e34b3b9e2179669d6706,ORIGINAL-PRESERVED,ORIGINAL-PRESERVED / HASH-VERIFIED,HIGH,,Byte-identical copy verified against source at archival time
MSVE-0292,f04-is-nan-typed.msve,history-bank/work-orders/work-order-0.8.3-candidate/m8-candidate/corpus/f04-is-nan-typed.msve,test-corpus-case,/home/hatch/workspace/msve-design/work-order-0.8.3-candidate/m8-candidate/corpus/f04-is-nan-typed.msve,NOT RECORDED,2026-10-09T12:47:45Z,256,9acd3cc47a4c83fe6dca0c139d371e53ef4f3b2cb64110bc92c10cd8de8c2507,ORIGINAL-PRESERVED,ORIGINAL-PRESERVED / HASH-VERIFIED,HIGH,,Byte-identical copy verified against source at archival time
MSVE-0293,f64-neg-zero-exp.msve,history-bank/work-orders/work-order-0.8.3-candidate/m8-candidate/corpus/f64-neg-zero-exp.msve,test-corpus-case,/home/hatch/workspace/msve-design/work-order-0.8.3-candidate/m8-candidate/corpus/f64-neg-zero-exp.msve,NOT RECORDED,2026-10-09T12:46:47Z,193,d4086b4a418d34e0c583929f71e686fa2751415b8e00d95dc2d60d5b6e52a2d3,ORIGINAL-PRESERVED,ORIGINAL-PRESERVED / HASH-VERIFIED,HIGH,,Byte-identical copy verified against source at archival time
MSVE-0294,f64-normal-form-subnormal.msve,history-bank/work-orders/work-order-0.8.3-candidate/m8-candidate/corpus/f64-normal-form-subnormal.msve,test-corpus-case,/home/hatch/workspace/msve-design/work-order-0.8.3-candidate/m8-candidate/corpus/f64-normal-form-subnormal.msve,NOT RECORDED,2026-10-09T12:46:47Z,205,d4e9da4a39bb223b4c693ed4fe9887dd7577629001a698dd7b131c7748990241,ORIGINAL-PRESERVED,ORIGINAL-PRESERVED / HASH-VERIFIED,HIGH,,Byte-identical copy verified against source at archival time
MSVE-0295,f64-subtraction-no-spaces.msve,history-bank/work-orders/work-order-0.8.3-candidate/m8-candidate/corpus/f64-subtraction-no-spaces.msve,test-corpus-case,/home/hatch/workspace/msve-design/work-order-0.8.3-candidate/m8-candidate/corpus/f64-subtraction-no-spaces.msve,NOT RECORDED,2026-10-09T12:46:47Z,226,d27bc859be0de5a68ce90195b3aa1549a9413e8e96324c0612c52df16d9f8870,ORIGINAL-PRESERVED,ORIGINAL-PRESERVED / HASH-VERIFIED,HIGH,,Byte-identical copy verified against source at archival time
MSVE-0296,f64-upper-hex.msve,history-bank/work-orders/work-order-0.8.3-candidate/m8-candidate/corpus/f64-upper-hex.msve,test-corpus-case,/home/hatch/workspace/msve-design/work-order-0.8.3-candidate/m8-candidate/corpus/f64-upper-hex.msve,NOT RECORDED,2026-10-09T12:46:47Z,190,34fb34d7579ba7a5ef3b3289db7f5226c9ab4207cd2dbc4cf8ac4c67b5f1cb16,ORIGINAL-PRESERVED,ORIGINAL-PRESERVED / HASH-VERIFIED,HIGH,,Byte-identical copy verified against source at archival time
MSVE-0297,f64-valid.msve,history-bank/work-orders/work-order-0.8.3-candidate/m8-candidate/corpus/f64-valid.msve,test-corpus-case,/home/hatch/workspace/msve-design/work-order-0.8.3-candidate/m8-candidate/corpus/f64-valid.msve,NOT RECORDED,2026-10-09T12:46:47Z,186,be3a0be79268d710d2e520dc854cb082989ab3edc3e574bbede3c76b3f0b6c2e,ORIGINAL-PRESERVED,ORIGINAL-PRESERVED / HASH-VERIFIED,HIGH,,Byte-identical copy verified against source at archival time
MSVE-0298,gen_corpus.py,history-bank/work-orders/work-order-0.8.3-candidate/m8-candidate/corpus/gen_corpus.py,model-or-script,/home/hatch/workspace/msve-design/work-order-0.8.3-candidate/m8-candidate/corpus/gen_corpus.py,NOT RECORDED,2026-10-09T12:46:47Z,6589,abb752f4f025e00aa079a5b630a9800329accc3a36f5908457916b493f62d0b4,ORIGINAL-PRESERVED,ORIGINAL-PRESERVED / HASH-VERIFIED,HIGH,,Byte-identical copy verified against source at archival time
MSVE-0299,is_some-ok.msve,history-bank/work-orders/work-order-0.8.3-candidate/m8-candidate/corpus/is_some-ok.msve,test-corpus-case,/home/hatch/workspace/msve-design/work-order-0.8.3-candidate/m8-candidate/corpus/is_some-ok.msve,NOT RECORDED,2026-10-09T12:46:47Z,179,46429699d75f8feb039fd6df001713098626dc4fe0347d2cba7a4cc4817f0cdc,ORIGINAL-PRESERVED,ORIGINAL-PRESERVED / HASH-VERIFIED,HIGH,,Byte-identical copy verified against source at archival time
MSVE-0300,let-ok.msve,history-bank/work-orders/work-order-0.8.3-candidate/m8-candidate/corpus/let-ok.msve,test-corpus-case,/home/hatch/workspace/msve-design/work-order-0.8.3-candidate/m8-candidate/corpus/let-ok.msve,NOT RECORDED,2026-10-09T12:46:47Z,176,4293e41c321e8cc4330fe7a38b7d7a784fb87e241b2eeddcf5017f1f2fddb7b4,ORIGINAL-PRESERVED,ORIGINAL-PRESERVED / HASH-VERIFIED,HIGH,,Byte-identical copy verified against source at archival time
MSVE-0301,limits-steps-zero.msve,history-bank/work-orders/work-order-0.8.3-candidate/m8-candidate/corpus/limits-steps-zero.msve,test-corpus-case,/home/hatch/workspace/msve-design/work-order-0.8.3-candidate/m8-candidate/corpus/limits-steps-zero.msve,NOT RECORDED,2026-10-09T12:46:47Z,165,f335778d3a710073fbc05af36f9a0971a187172a37aeef6d8a9e29f297c6ae95,ORIGINAL-PRESERVED,ORIGINAL-PRESERVED / HASH-VERIFIED,HIGH,,Byte-identical copy verified against source at archival time
MSVE-0302,limits-timeout-range.msve,history-bank/work-orders/work-order-0.8.3-candidate/m8-candidate/corpus/limits-timeout-range.msve,test-corpus-case,/home/hatch/workspace/msve-design/work-order-0.8.3-candidate/m8-candidate/corpus/limits-timeout-range.msve,NOT RECORDED,2026-10-09T12:46:47Z,160,1589216d5d75c8b4d5cafb3dbca9daf93b5545aeb4a058d4e1b19908e0a00229,ORIGINAL-PRESERVED,ORIGINAL-PRESERVED / HASH-VERIFIED,HIGH,,Byte-identical copy verified against source at archival time
MSVE-0303,manifest.json,history-bank/work-orders/work-order-0.8.3-candidate/m8-candidate/corpus/manifest.json,machine-manifest,/home/hatch/workspace/msve-design/work-order-0.8.3-candidate/m8-candidate/corpus/manifest.json,NOT RECORDED,2026-10-09T12:47:50Z,4051,cb4e8a9fcc4ea63ff79abe518ae5092e118248f4843510f0f0152c1fb8036720,ORIGINAL-PRESERVED,ORIGINAL-PRESERVED / HASH-VERIFIED,HIGH,,Byte-identical copy verified against source at archival time
MSVE-0304,proj-path-unresolvable.msve,history-bank/work-orders/work-order-0.8.3-candidate/m8-candidate/corpus/proj-path-unresolvable.msve,test-corpus-case,/home/hatch/workspace/msve-design/work-order-0.8.3-candidate/m8-candidate/corpus/proj-path-unresolvable.msve,NOT RECORDED,2026-10-09T12:46:47Z,290,39fd319917333ddf4e9d8a45c4485774c7cd7d7d94e7144a5a19fee8ba0f7966,ORIGINAL-PRESERVED,ORIGINAL-PRESERVED / HASH-VERIFIED,HIGH,,Byte-identical copy verified against source at archival time
MSVE-0305,quant-nested-ok.msve,history-bank/work-orders/work-order-0.8.3-candidate/m8-candidate/corpus/quant-nested-ok.msve,test-corpus-case,/home/hatch/workspace/msve-design/work-order-0.8.3-candidate/m8-candidate/corpus/quant-nested-ok.msve,NOT RECORDED,2026-10-09T12:46:47Z,232,6a90e918e0b7c9beb72213d8fc959e4b580b81585076b658ac44040e23eb6789,ORIGINAL-PRESERVED,ORIGINAL-PRESERVED / HASH-VERIFIED,HIGH,,Byte-identical copy verified against source at archival time
MSVE-0306,quant-option-domain.msve,history-bank/work-orders/work-order-0.8.3-candidate/m8-candidate/corpus/quant-option-domain.msve,test-corpus-case,/home/hatch/workspace/msve-design/work-order-0.8.3-candidate/m8-candidate/corpus/quant-option-domain.msve,NOT RECORDED,2026-10-09T12:46:47Z,231,0ddd766a3bb726547bb938f0cee6415a02ee0449f5f3c500ad1a107d99a0185f,ORIGINAL-PRESERVED,ORIGINAL-PRESERVED / HASH-VERIFIED,HIGH,,Byte-identical copy verified against source at archival time
MSVE-0307,quant-parens-ok.msve,history-bank/work-orders/work-order-0.8.3-candidate/m8-candidate/corpus/quant-parens-ok.msve,test-corpus-case,/home/hatch/workspace/msve-design/work-order-0.8.3-candidate/m8-candidate/corpus/quant-parens-ok.msve,NOT RECORDED,2026-10-09T12:46:47Z,200,76f730bf000712f06369478e2b297e559cc3697fa0daec8ebe844ce1e13eebcd,ORIGINAL-PRESERVED,ORIGINAL-PRESERVED / HASH-VERIFIED,HIGH,,Byte-identical copy verified against source at archival time
MSVE-0308,range-ok.msve,history-bank/work-orders/work-order-0.8.3-candidate/m8-candidate/corpus/range-ok.msve,test-corpus-case,/home/hatch/workspace/msve-design/work-order-0.8.3-candidate/m8-candidate/corpus/range-ok.msve,NOT RECORDED,2026-10-09T12:46:47Z,171,835e7931bff351834e043865d5f074a293c28b1217b1d2586faaa3b51202d75d,ORIGINAL-PRESERVED,ORIGINAL-PRESERVED / HASH-VERIFIED,HIGH,,Byte-identical copy verified against source at archival time
MSVE-0309,record-dup-field.msve,history-bank/work-orders/work-order-0.8.3-candidate/m8-candidate/corpus/record-dup-field.msve,test-corpus-case,/home/hatch/workspace/msve-design/work-order-0.8.3-candidate/m8-candidate/corpus/record-dup-field.msve,NOT RECORDED,2026-10-09T12:46:47Z,214,81de72a6563605a9eda206246e55d318d1982a9fbc5bc1465ce570f6dc5f002e,ORIGINAL-PRESERVED,ORIGINAL-PRESERVED / HASH-VERIFIED,HIGH,,Byte-identical copy verified against source at archival time
MSVE-0310,record-field-type-mismatch.msve,history-bank/work-orders/work-order-0.8.3-candidate/m8-candidate/corpus/record-field-type-mismatch.msve,test-corpus-case,/home/hatch/workspace/msve-design/work-order-0.8.3-candidate/m8-candidate/corpus/record-field-type-mismatch.msve,NOT RECORDED,2026-10-09T12:46:47Z,227,40151e4d734a6e4cd9092845c5828ef01a39ea546018081323bebf4e587c482a,ORIGINAL-PRESERVED,ORIGINAL-PRESERVED / HASH-VERIFIED,HIGH,,Byte-identical copy verified against source at archival time
MSVE-0311,record-infer.msve,history-bank/work-orders/work-order-0.8.3-candidate/m8-candidate/corpus/record-infer.msve,test-corpus-case,/home/hatch/workspace/msve-design/work-order-0.8.3-candidate/m8-candidate/corpus/record-infer.msve,NOT RECORDED,2026-10-09T12:46:47Z,175,90664295714b6c561a25be47b4dcdb8529e1110dca2b6b0dbb02ee1be90ddcb0,ORIGINAL-PRESERVED,ORIGINAL-PRESERVED / HASH-VERIFIED,HIGH,,Byte-identical copy verified against source at archival time
MSVE-0312,record-missing-field.msve,history-bank/work-orders/work-order-0.8.3-candidate/m8-candidate/corpus/record-missing-field.msve,test-corpus-case,/home/hatch/workspace/msve-design/work-order-0.8.3-candidate/m8-candidate/corpus/record-missing-field.msve,NOT RECORDED,2026-10-09T12:46:47Z,212,1c88a6801188da519029515da86e08232f89c3543f2f141d7297be43ea796bfe,ORIGINAL-PRESERVED,ORIGINAL-PRESERVED / HASH-VERIFIED,HIGH,,Byte-identical copy verified against source at archival time
MSVE-0313,record-nested.msve,history-bank/work-orders/work-order-0.8.3-candidate/m8-candidate/corpus/record-nested.msve,test-corpus-case,/home/hatch/workspace/msve-design/work-order-0.8.3-candidate/m8-candidate/corpus/record-nested.msve,NOT RECORDED,2026-10-09T12:46:47Z,258,abc86bff4f4f57f7e1e6818c090cf6016401fb18e2bd21a8dc1eed1be98b5880,ORIGINAL-PRESERVED,ORIGINAL-PRESERVED / HASH-VERIFIED,HIGH,,Byte-identical copy verified against source at archival time
MSVE-0314,record-ok.msve,history-bank/work-orders/work-order-0.8.3-candidate/m8-candidate/corpus/record-ok.msve,test-corpus-case,/home/hatch/workspace/msve-design/work-order-0.8.3-candidate/m8-candidate/corpus/record-ok.msve,NOT RECORDED,2026-10-09T12:46:47Z,207,ebc4558753174eb1b42f45e75424df12950696b6e4e995f9be470550f4f21428,ORIGINAL-PRESERVED,ORIGINAL-PRESERVED / HASH-VERIFIED,HIGH,,Byte-identical copy verified against source at archival time
MSVE-0315,record-unknown-field.msve,history-bank/work-orders/work-order-0.8.3-candidate/m8-candidate/corpus/record-unknown-field.msve,test-corpus-case,/home/hatch/workspace/msve-design/work-order-0.8.3-candidate/m8-candidate/corpus/record-unknown-field.msve,NOT RECORDED,2026-10-09T12:46:47Z,224,6a24a88bdaeea39060dbb52b8760a9faffa95634d94bf81d56ab94fc91fc9f14,ORIGINAL-PRESERVED,ORIGINAL-PRESERVED / HASH-VERIFIED,HIGH,,Byte-identical copy verified against source at archival time
MSVE-0316,string-escape-not-short.msve,history-bank/work-orders/work-order-0.8.3-candidate/m8-candidate/corpus/string-escape-not-short.msve,test-corpus-case,/home/hatch/workspace/msve-design/work-order-0.8.3-candidate/m8-candidate/corpus/string-escape-not-short.msve,NOT RECORDED,2026-10-09T12:46:47Z,186,bc14176513025946cd527e1db4d1b21bb2c6fb9fdb7dee9dd3248901c045c756,ORIGINAL-PRESERVED,ORIGINAL-PRESERVED / HASH-VERIFIED,HIGH,,Byte-identical copy verified against source at archival time
MSVE-0317,string-escape-upper.msve,history-bank/work-orders/work-order-0.8.3-candidate/m8-candidate/corpus/string-escape-upper.msve,test-corpus-case,/home/hatch/workspace/msve-design/work-order-0.8.3-candidate/m8-candidate/corpus/string-escape-upper.msve,NOT RECORDED,2026-10-09T12:46:47Z,182,c5f6552400dc6e9330cbed014fadd1d3da9d690307692dcdc1cb412ecf861dee,ORIGINAL-PRESERVED,ORIGINAL-PRESERVED / HASH-VERIFIED,HIGH,,Byte-identical copy verified against source at archival time
MSVE-0318,string-ok.msve,history-bank/work-orders/work-order-0.8.3-candidate/m8-candidate/corpus/string-ok.msve,test-corpus-case,/home/hatch/workspace/msve-design/work-order-0.8.3-candidate/m8-candidate/corpus/string-ok.msve,NOT RECORDED,2026-10-09T12:46:47Z,170,aa5749091226528167384ccf213304a4f00d942180c30933699b7f21e009e154,ORIGINAL-PRESERVED,ORIGINAL-PRESERVED / HASH-VERIFIED,HIGH,,Byte-identical copy verified against source at archival time
MSVE-0319,to_rat-ok.msve,history-bank/work-orders/work-order-0.8.3-candidate/m8-candidate/corpus/to_rat-ok.msve,test-corpus-case,/home/hatch/workspace/msve-design/work-order-0.8.3-candidate/m8-candidate/corpus/to_rat-ok.msve,NOT RECORDED,2026-10-09T12:46:47Z,172,7c0f0199ce55cc6a15f69dbbd6fd1b0a0c3eb3c3438d5b84e2b358fcb8379fb2,ORIGINAL-PRESERVED,ORIGINAL-PRESERVED / HASH-VERIFIED,HIGH,,Byte-identical copy verified against source at archival time
MSVE-0320,type-cyclic-alias.msve,history-bank/work-orders/work-order-0.8.3-candidate/m8-candidate/corpus/type-cyclic-alias.msve,test-corpus-case,/home/hatch/workspace/msve-design/work-order-0.8.3-candidate/m8-candidate/corpus/type-cyclic-alias.msve,NOT RECORDED,2026-10-09T12:46:47Z,177,5950a0f48ebb47b3c4b13407e6307654a9176b49f8036053e7ba3cfae14e947a,ORIGINAL-PRESERVED,ORIGINAL-PRESERVED / HASH-VERIFIED,HIGH,,Byte-identical copy verified against source at archival time
MSVE-0321,type-unbound-name.msve,history-bank/work-orders/work-order-0.8.3-candidate/m8-candidate/corpus/type-unbound-name.msve,test-corpus-case,/home/hatch/workspace/msve-design/work-order-0.8.3-candidate/m8-candidate/corpus/type-unbound-name.msve,NOT RECORDED,2026-10-09T12:46:47Z,183,d919d3a852ef3b87c43717b4af5cb33e4b0d9d94d7804fe3156b1fc35eda92eb,ORIGINAL-PRESERVED,ORIGINAL-PRESERVED / HASH-VERIFIED,HIGH,,Byte-identical copy verified against source at archival time
MSVE-0322,unbound-ident.msve,history-bank/work-orders/work-order-0.8.3-candidate/m8-candidate/corpus/unbound-ident.msve,test-corpus-case,/home/hatch/workspace/msve-design/work-order-0.8.3-candidate/m8-candidate/corpus/unbound-ident.msve,NOT RECORDED,2026-10-09T12:46:47Z,179,caf261e05e502134838c8a3f6bab12bf8d4c43cbeac1ae15e72c7dfd9e371221,ORIGINAL-PRESERVED,ORIGINAL-PRESERVED / HASH-VERIFIED,HIGH,,Byte-identical copy verified against source at archival time
MSVE-0323,v07-ex0.msve,history-bank/work-orders/work-order-0.8.3-candidate/m8-candidate/corpus/v07-ex0.msve,test-corpus-case,/home/hatch/workspace/msve-design/work-order-0.8.3-candidate/m8-candidate/corpus/v07-ex0.msve,NOT RECORDED,2026-10-09T12:46:47Z,246,ef4745e1977fd7b945cf5a040772c8773fb5823e4335d2e6b74a671245a59f40,ORIGINAL-PRESERVED,ORIGINAL-PRESERVED / HASH-VERIFIED,HIGH,,Byte-identical copy verified against source at archival time
MSVE-0324,v07-ex1.msve,history-bank/work-orders/work-order-0.8.3-candidate/m8-candidate/corpus/v07-ex1.msve,test-corpus-case,/home/hatch/workspace/msve-design/work-order-0.8.3-candidate/m8-candidate/corpus/v07-ex1.msve,NOT RECORDED,2026-10-09T12:46:47Z,324,81c16982016c39d1cf7a8d69b1d03aa03d7f7623b3b3ceb9020a30d5c07a257f,ORIGINAL-PRESERVED,ORIGINAL-PRESERVED / HASH-VERIFIED,HIGH,,Byte-identical copy verified against source at archival time
MSVE-0325,v07-ex2.msve,history-bank/work-orders/work-order-0.8.3-candidate/m8-candidate/corpus/v07-ex2.msve,test-corpus-case,/home/hatch/workspace/msve-design/work-order-0.8.3-candidate/m8-candidate/corpus/v07-ex2.msve,NOT RECORDED,2026-10-09T12:46:47Z,327,58d4b9c90ab46751c27a1bba460f9c3a38432f3dd6dda35cdd00d96bff724ca3,ORIGINAL-PRESERVED,ORIGINAL-PRESERVED / HASH-VERIFIED,HIGH,,Byte-identical copy verified against source at archival time
MSVE-0326,v07-ex3.msve,history-bank/work-orders/work-order-0.8.3-candidate/m8-candidate/corpus/v07-ex3.msve,test-corpus-case,/home/hatch/workspace/msve-design/work-order-0.8.3-candidate/m8-candidate/corpus/v07-ex3.msve,NOT RECORDED,2026-10-09T12:46:47Z,1409,a8490f13a3276d7ef177e37b8cde9ec259b679e69a846878e810b192291cddc0,ORIGINAL-PRESERVED,ORIGINAL-PRESERVED / HASH-VERIFIED,HIGH,,Byte-identical copy verified against source at archival time
MSVE-0327,v07-ex4.msve,history-bank/work-orders/work-order-0.8.3-candidate/m8-candidate/corpus/v07-ex4.msve,test-corpus-case,/home/hatch/workspace/msve-design/work-order-0.8.3-candidate/m8-candidate/corpus/v07-ex4.msve,NOT RECORDED,2026-10-09T12:46:47Z,371,6b6b922ce66d9d6e729b8e99da63f5893e48bc9854156aa406864f5e789b4a09,ORIGINAL-PRESERVED,ORIGINAL-PRESERVED / HASH-VERIFIED,HIGH,,Byte-identical copy verified against source at archival time
MSVE-0328,v07-ex5.msve,history-bank/work-orders/work-order-0.8.3-candidate/m8-candidate/corpus/v07-ex5.msve,test-corpus-case,/home/hatch/workspace/msve-design/work-order-0.8.3-candidate/m8-candidate/corpus/v07-ex5.msve,NOT RECORDED,2026-10-09T12:46:47Z,2334,561b2d4d8802671a4dc97751c7a34b74521062f27a1793bb53d55b00ac29f2d7,ORIGINAL-PRESERVED,ORIGINAL-PRESERVED / HASH-VERIFIED,HIGH,,Byte-identical copy verified against source at archival time
MSVE-0329,verif-assurance-level-a-needs-proof.msve,history-bank/work-orders/work-order-0.8.3-candidate/m8-candidate/corpus/verif-assurance-level-a-needs-proof.msve,test-corpus-case,/home/hatch/workspace/msve-design/work-order-0.8.3-candidate/m8-candidate/corpus/verif-assurance-level-a-needs-proof.msve,NOT RECORDED,2026-10-09T12:46:47Z,200,3ee6d939a26bd48f42e5181d2cc48d155f249d0aa0a31845119e7ed87ba5d2a8,ORIGINAL-PRESERVED,ORIGINAL-PRESERVED / HASH-VERIFIED,HIGH,,Byte-identical copy verified against source at archival time
MSVE-0330,verif-assurance-level-a-unavailable.msve,history-bank/work-orders/work-order-0.8.3-candidate/m8-candidate/corpus/verif-assurance-level-a-unavailable.msve,test-corpus-case,/home/hatch/workspace/msve-design/work-order-0.8.3-candidate/m8-candidate/corpus/verif-assurance-level-a-unavailable.msve,NOT RECORDED,2026-10-09T12:46:47Z,342,6861aacd4af3bd82650c68fe0af5488bfa0d42ae05a4bb5176cb5a3018449778,ORIGINAL-PRESERVED,ORIGINAL-PRESERVED / HASH-VERIFIED,HIGH,,Byte-identical copy verified against source at archival time
MSVE-0331,verif-cases-zero.msve,history-bank/work-orders/work-order-0.8.3-candidate/m8-candidate/corpus/verif-cases-zero.msve,test-corpus-case,/home/hatch/workspace/msve-design/work-order-0.8.3-candidate/m8-candidate/corpus/verif-cases-zero.msve,NOT RECORDED,2026-10-09T12:46:47Z,207,c341436d8bd572cc5e86da40fcc2c06b3e56865930b33b252f1986a246b3594c,ORIGINAL-PRESERVED,ORIGINAL-PRESERVED / HASH-VERIFIED,HIGH,,Byte-identical copy verified against source at archival time
MSVE-0332,verif-diff-plus-fuzz.msve,history-bank/work-orders/work-order-0.8.3-candidate/m8-candidate/corpus/verif-diff-plus-fuzz.msve,test-corpus-case,/home/hatch/workspace/msve-design/work-order-0.8.3-candidate/m8-candidate/corpus/verif-diff-plus-fuzz.msve,NOT RECORDED,2026-10-09T12:46:47Z,263,18e9ab0742650f06c22448528ac28d3327c86c3367464ccbbf765c3a597031bc,ORIGINAL-PRESERVED,ORIGINAL-PRESERVED / HASH-VERIFIED,HIGH,,Byte-identical copy verified against source at archival time
MSVE-0333,verif-duplicate-test.msve,history-bank/work-orders/work-order-0.8.3-candidate/m8-candidate/corpus/verif-duplicate-test.msve,test-corpus-case,/home/hatch/workspace/msve-design/work-order-0.8.3-candidate/m8-candidate/corpus/verif-duplicate-test.msve,NOT RECORDED,2026-10-09T12:46:47Z,256,e6f1eabd5612a45e1800d11d7c3ace39fb6b7e899681e389364ff1eda1a7bd8e,ORIGINAL-PRESERVED,ORIGINAL-PRESERVED / HASH-VERIFIED,HIGH,,Byte-identical copy verified against source at archival time
MSVE-0334,verif-proof-conflict.msve,history-bank/work-orders/work-order-0.8.3-candidate/m8-candidate/corpus/verif-proof-conflict.msve,test-corpus-case,/home/hatch/workspace/msve-design/work-order-0.8.3-candidate/m8-candidate/corpus/verif-proof-conflict.msve,NOT RECORDED,2026-10-09T12:46:47Z,209,2e079927528f2b6aee46d7df41a827e5185d593c0b466b350d9efe42dcb9425f,ORIGINAL-PRESERVED,ORIGINAL-PRESERVED / HASH-VERIFIED,HIGH,,Byte-identical copy verified against source at archival time
MSVE-0335,verif-qualifier-default.msve,history-bank/work-orders/work-order-0.8.3-candidate/m8-candidate/corpus/verif-qualifier-default.msve,test-corpus-case,/home/hatch/workspace/msve-design/work-order-0.8.3-candidate/m8-candidate/corpus/verif-qualifier-default.msve,NOT RECORDED,2026-10-09T12:46:47Z,188,5f81757c93cf2b7f76fdaf851346657ec3ceab16d0e98e778ebe3878e6ef6c84,ORIGINAL-PRESERVED,ORIGINAL-PRESERVED / HASH-VERIFIED,HIGH,,Byte-identical copy verified against source at archival time
MSVE-0336,verif-recompute-conflict.msve,history-bank/work-orders/work-order-0.8.3-candidate/m8-candidate/corpus/verif-recompute-conflict.msve,test-corpus-case,/home/hatch/workspace/msve-design/work-order-0.8.3-candidate/m8-candidate/corpus/verif-recompute-conflict.msve,NOT RECORDED,2026-10-09T12:46:47Z,212,a1fd871f37084a7e1fa73f0478b0d8e020fee28e49eee884a97f5bf23c7fa021,ORIGINAL-PRESERVED,ORIGINAL-PRESERVED / HASH-VERIFIED,HIGH,,Byte-identical copy verified against source at archival time
MSVE-0337,verif-test-none-conflict.msve,history-bank/work-orders/work-order-0.8.3-candidate/m8-candidate/corpus/verif-test-none-conflict.msve,test-corpus-case,/home/hatch/workspace/msve-design/work-order-0.8.3-candidate/m8-candidate/corpus/verif-test-none-conflict.msve,NOT RECORDED,2026-10-09T12:46:47Z,223,3e5a0f59ba93125d48c48f9285897104545dcc246e2ab3ad9f0ce2bdf6ff1968,ORIGINAL-PRESERVED,ORIGINAL-PRESERVED / HASH-VERIFIED,HIGH,,Byte-identical copy verified against source at archival time
MSVE-0338,inv-bare-quant.msve,history-bank/work-orders/work-order-0.8.3-candidate/m8-candidate/corpus/v08/inv-bare-quant.msve,test-corpus-case,/home/hatch/workspace/msve-design/work-order-0.8.3-candidate/m8-candidate/corpus/v08/inv-bare-quant.msve,NOT RECORDED,2026-10-09T12:46:47Z,216,1d81cea39c930f54a9373bce08f6ee19501de243ca9b7fc10b3d7acad5f950b2,ORIGINAL-PRESERVED,ORIGINAL-PRESERVED / HASH-VERIFIED,HIGH,,Byte-identical copy verified against source at archival time
MSVE-0339,inv-f64-negzero.msve,history-bank/work-orders/work-order-0.8.3-candidate/m8-candidate/corpus/v08/inv-f64-negzero.msve,test-corpus-case,/home/hatch/workspace/msve-design/work-order-0.8.3-candidate/m8-candidate/corpus/v08/inv-f64-negzero.msve,NOT RECORDED,2026-10-09T12:46:47Z,212,13c6f20d48d424988a1e365ab0231901888a35bd2e8fb201c52e06d07cf31ff0,ORIGINAL-PRESERVED,ORIGINAL-PRESERVED / HASH-VERIFIED,HIGH,,Byte-identical copy verified against source at archival time
MSVE-0340,inv-mixed-arith.msve,history-bank/work-orders/work-order-0.8.3-candidate/m8-candidate/corpus/v08/inv-mixed-arith.msve,test-corpus-case,/home/hatch/workspace/msve-design/work-order-0.8.3-candidate/m8-candidate/corpus/v08/inv-mixed-arith.msve,NOT RECORDED,2026-10-09T12:46:47Z,192,961edd0488022dc32857e4ebe0dae1afa1fefb13178ad19e61f059e5702ec689,ORIGINAL-PRESERVED,ORIGINAL-PRESERVED / HASH-VERIFIED,HIGH,,Byte-identical copy verified against source at archival time
MSVE-0341,inv-proof-conflict.msve,history-bank/work-orders/work-order-0.8.3-candidate/m8-candidate/corpus/v08/inv-proof-conflict.msve,test-corpus-case,/home/hatch/workspace/msve-design/work-order-0.8.3-candidate/m8-candidate/corpus/v08/inv-proof-conflict.msve,NOT RECORDED,2026-10-09T12:46:47Z,229,8117f902102629d42dd58f72cb650338a4dfba2e7c2abe646dff1abfe858248d,ORIGINAL-PRESERVED,ORIGINAL-PRESERVED / HASH-VERIFIED,HIGH,,Byte-identical copy verified against source at archival time
MSVE-0342,inv-unbound.msve,history-bank/work-orders/work-order-0.8.3-candidate/m8-candidate/corpus/v08/inv-unbound.msve,test-corpus-case,/home/hatch/workspace/msve-design/work-order-0.8.3-candidate/m8-candidate/corpus/v08/inv-unbound.msve,NOT RECORDED,2026-10-09T12:46:47Z,205,2db5a8b38091c6207026d9739e368acb8d0837864a748ca4be572b5f52a4785a,ORIGINAL-PRESERVED,ORIGINAL-PRESERVED / HASH-VERIFIED,HIGH,,Byte-identical copy verified against source at archival time
MSVE-0343,v08-ex0.msve,history-bank/work-orders/work-order-0.8.3-candidate/m8-candidate/corpus/v08/v08-ex0.msve,test-corpus-case,/home/hatch/workspace/msve-design/work-order-0.8.3-candidate/m8-candidate/corpus/v08/v08-ex0.msve,NOT RECORDED,2026-10-09T12:46:47Z,246,ee00d8589dec21f233aff23670930b3b05bc2c753ffadf09e385396892b0c3cd,ORIGINAL-PRESERVED,ORIGINAL-PRESERVED / HASH-VERIFIED,HIGH,,Byte-identical copy verified against source at archival time
MSVE-0344,v08-ex1.msve,history-bank/work-orders/work-order-0.8.3-candidate/m8-candidate/corpus/v08/v08-ex1.msve,test-corpus-case,/home/hatch/workspace/msve-design/work-order-0.8.3-candidate/m8-candidate/corpus/v08/v08-ex1.msve,NOT RECORDED,2026-10-09T12:46:47Z,324,3baf22938deb3b0957b9377367718b3a173e14142aabe2ae0532f5fb53cd06f5,ORIGINAL-PRESERVED,ORIGINAL-PRESERVED / HASH-VERIFIED,HIGH,,Byte-identical copy verified against source at archival time
MSVE-0345,v08-ex2.msve,history-bank/work-orders/work-order-0.8.3-candidate/m8-candidate/corpus/v08/v08-ex2.msve,test-corpus-case,/home/hatch/workspace/msve-design/work-order-0.8.3-candidate/m8-candidate/corpus/v08/v08-ex2.msve,NOT RECORDED,2026-10-09T12:46:47Z,327,608e97689fc650effad75c604eafc26383eb6dd9319fd7fbd99d468aa31adce1,ORIGINAL-PRESERVED,ORIGINAL-PRESERVED / HASH-VERIFIED,HIGH,,Byte-identical copy verified against source at archival time
MSVE-0346,v08-ex3.msve,history-bank/work-orders/work-order-0.8.3-candidate/m8-candidate/corpus/v08/v08-ex3.msve,test-corpus-case,/home/hatch/workspace/msve-design/work-order-0.8.3-candidate/m8-candidate/corpus/v08/v08-ex3.msve,NOT RECORDED,2026-10-09T12:46:47Z,1406,42abbf513beae79ff2087b41d5a53b30b7c5cd7a7e8e40a7a3a1171afcecb228,ORIGINAL-PRESERVED,ORIGINAL-PRESERVED / HASH-VERIFIED,HIGH,,Byte-identical copy verified against source at archival time
MSVE-0347,v08-ex4.msve,history-bank/work-orders/work-order-0.8.3-candidate/m8-candidate/corpus/v08/v08-ex4.msve,test-corpus-case,/home/hatch/workspace/msve-design/work-order-0.8.3-candidate/m8-candidate/corpus/v08/v08-ex4.msve,NOT RECORDED,2026-10-09T12:46:47Z,371,7dada2f68a7da4827dd81db843b6efe271a30a3f4f7c705743ab686bc2edb55a,ORIGINAL-PRESERVED,ORIGINAL-PRESERVED / HASH-VERIFIED,HIGH,,Byte-identical copy verified against source at archival time
MSVE-0348,v08-ex5.msve,history-bank/work-orders/work-order-0.8.3-candidate/m8-candidate/corpus/v08/v08-ex5.msve,test-corpus-case,/home/hatch/workspace/msve-design/work-order-0.8.3-candidate/m8-candidate/corpus/v08/v08-ex5.msve,NOT RECORDED,2026-10-09T12:46:47Z,2420,f285f44e59f2ad1635dc1bb546fae87cb4fa82ba866e8fdf7b6374f68f9b3c7b,ORIGINAL-PRESERVED,ORIGINAL-PRESERVED / HASH-VERIFIED,HIGH,,Byte-identical copy verified against source at archival time
MSVE-0349,MSVE_VISUALISATION_PLAN_v0.1.md,history-bank/specifications/visualisation-plans/MSVE_VISUALISATION_PLAN_v0.1.md,visualisation-plan,/home/hatch/workspace/msve-design/MSVE_VISUALISATION_PLAN_v0.1.md,NOT RECORDED,2026-10-09T09:04:48Z,6181,1b55b9a4d336ef7d486186693e70b0f6ec80fcf469fac925fd76e5a49bf85b7e,ORIGINAL-PRESERVED,ORIGINAL-PRESERVED / HASH-VERIFIED,HIGH,,Byte-identical copy verified against source at archival time
MSVE-0350,MSVE_VISUALISATION_PLAN_v0.2.md,history-bank/specifications/visualisation-plans/MSVE_VISUALISATION_PLAN_v0.2.md,visualisation-plan,/home/hatch/workspace/msve-design/MSVE_VISUALISATION_PLAN_v0.2.md,NOT RECORDED,2026-10-09T09:20:54Z,8371,ecbca1b44480eb5868496126ddba129353d1402f7ba669c2062b516cece98b77,ORIGINAL-PRESERVED,ORIGINAL-PRESERVED / HASH-VERIFIED,HIGH,,Byte-identical copy verified against source at archival time
MSVE-0351,MSVE_VISUALISATION_PLAN_v0.3.md,history-bank/specifications/visualisation-plans/MSVE_VISUALISATION_PLAN_v0.3.md,visualisation-plan,/home/hatch/workspace/msve-design/MSVE_VISUALISATION_PLAN_v0.3.md,NOT RECORDED,2026-10-09T09:40:21Z,7112,faeba20766d3382102a9df3d3116727e4ec3aeabcad140100da48bc2ebbd6bad,ORIGINAL-PRESERVED,ORIGINAL-PRESERVED / HASH-VERIFIED,HIGH,,Byte-identical copy verified against source at archival time
MSVE-0352,MSVE_VISUALISATION_PLAN_v0.4.md,history-bank/specifications/visualisation-plans/MSVE_VISUALISATION_PLAN_v0.4.md,visualisation-plan,/home/hatch/workspace/msve-design/MSVE_VISUALISATION_PLAN_v0.4.md,NOT RECORDED,2026-10-09T09:58:21Z,3394,a4a962f878be1b3275673b8acd24b2ca6d526c554dc2cb8b8090a1e4c7fa126b,ORIGINAL-PRESERVED,ORIGINAL-PRESERVED / HASH-VERIFIED,HIGH,,Byte-identical copy verified against source at archival time
MSVE-0353,MSVE_VISUALISATION_PLAN_v0.5.md,history-bank/specifications/visualisation-plans/MSVE_VISUALISATION_PLAN_v0.5.md,visualisation-plan,/home/hatch/workspace/msve-design/MSVE_VISUALISATION_PLAN_v0.5.md,NOT RECORDED,2026-10-09T10:13:00Z,3835,2f13ca8cacfe6c4b2ccd07b6d0c463bd028bbc5bd50541040b925228bb08dcfb,ORIGINAL-PRESERVED,ORIGINAL-PRESERVED / HASH-VERIFIED,HIGH,,Byte-identical copy verified against source at archival time
MSVE-0354,MSVE_VISUALISATION_PLAN_v0.6.md,history-bank/specifications/visualisation-plans/MSVE_VISUALISATION_PLAN_v0.6.md,visualisation-plan,/home/hatch/workspace/msve-design/MSVE_VISUALISATION_PLAN_v0.6.md,NOT RECORDED,2026-10-09T10:35:59Z,3568,9010e8e74ce8e84bd701e6bd1520d20714cc11ef8fa57b3e76c23fb817b0ce4b,ORIGINAL-PRESERVED,ORIGINAL-PRESERVED / HASH-VERIFIED,HIGH,,Byte-identical copy verified against source at archival time
MSVE-0355,MSVE_VISUALISATION_PLAN_v0.7.md,history-bank/specifications/visualisation-plans/MSVE_VISUALISATION_PLAN_v0.7.md,visualisation-plan,/home/hatch/workspace/msve-design/MSVE_VISUALISATION_PLAN_v0.7.md,NOT RECORDED,2026-10-09T10:58:56Z,6363,cab6dc31560fa0c03fe15afa89e8e7841c1323abc3ed0945ae3a4c9942b9f87d,ORIGINAL-PRESERVED,ORIGINAL-PRESERVED / HASH-VERIFIED,HIGH,,Byte-identical copy verified against source at archival time
MSVE-0356,MSVE_VISUALISATION_PLAN_v0.8.md,history-bank/specifications/visualisation-plans/MSVE_VISUALISATION_PLAN_v0.8.md,visualisation-plan,/home/hatch/workspace/msve-design/MSVE_VISUALISATION_PLAN_v0.8.md,NOT RECORDED,2026-10-09T11:40:57Z,6610,3adaf96661df8cbbbbd931b1c23b95a6348236c3a3087725a23b6b617f751615,ORIGINAL-PRESERVED,ORIGINAL-PRESERVED / HASH-VERIFIED,HIGH,,Byte-identical copy verified against source at archival time
MSVE-0357,MSVE_REGRESSION_LEDGER_v0.6.md,history-bank/specifications/regression-ledgers/MSVE_REGRESSION_LEDGER_v0.6.md,regression-ledger,/home/hatch/workspace/msve-design/MSVE_REGRESSION_LEDGER_v0.6.md,NOT RECORDED,2026-10-09T10:35:40Z,20939,3a2b4d20268646c1b27fb825560ab75ba8ca208fa72b43c3bce783e8d0bb200f,ORIGINAL-PRESERVED,ORIGINAL-PRESERVED / HASH-VERIFIED,HIGH,,Byte-identical copy verified against source at archival time
MSVE-0358,MSVE_REGRESSION_LEDGER_v0.7.md,history-bank/specifications/regression-ledgers/MSVE_REGRESSION_LEDGER_v0.7.md,regression-ledger,/home/hatch/workspace/msve-design/MSVE_REGRESSION_LEDGER_v0.7.md,NOT RECORDED,2026-10-09T10:59:55Z,16456,b4435032dff5284ae9026fdd141c503c25d2544f2ea99d050094709ad7b8ebc2,ORIGINAL-PRESERVED,ORIGINAL-PRESERVED / HASH-VERIFIED,HIGH,,Byte-identical copy verified against source at archival time
MSVE-0359,MSVE_REGRESSION_LEDGER_v0.8.md,history-bank/specifications/regression-ledgers/MSVE_REGRESSION_LEDGER_v0.8.md,regression-ledger,/home/hatch/workspace/msve-design/MSVE_REGRESSION_LEDGER_v0.8.md,NOT RECORDED,2026-10-09T11:44:22Z,34625,e04a05e68e92ce541349138395a42308d172998b2fd309fe2963ede6cdf22bf1,ORIGINAL-PRESERVED,ORIGINAL-PRESERVED / HASH-VERIFIED,HIGH,,Byte-identical copy verified against source at archival time
MSVE-0360,MSVE_DESIGN_REVIEW_v0.1.md,history-bank/specifications/design-reviews/MSVE_DESIGN_REVIEW_v0.1.md,design-review,/home/hatch/workspace/msve-design/MSVE_DESIGN_REVIEW_v0.1.md,NOT RECORDED,2026-10-09T09:05:17Z,7637,e264c72f4567f323aa7b20959ae02a99e593f688ad38086b231d3756098320ff,ORIGINAL-PRESERVED,ORIGINAL-PRESERVED / HASH-VERIFIED,HIGH,,Byte-identical copy verified against source at archival time
MSVE-0361,MSVE_DESIGN_REVIEW_v0.2.md,history-bank/specifications/design-reviews/MSVE_DESIGN_REVIEW_v0.2.md,design-review,/home/hatch/workspace/msve-design/MSVE_DESIGN_REVIEW_v0.2.md,NOT RECORDED,2026-10-09T09:21:23Z,12153,44614f47534bdaee2392394334360936e379d91056eba0b89dfc48d78f82681e,ORIGINAL-PRESERVED,ORIGINAL-PRESERVED / HASH-VERIFIED,HIGH,,Byte-identical copy verified against source at archival time
MSVE-0362,MSVE_DESIGN_REVIEW_v0.3.md,history-bank/specifications/design-reviews/MSVE_DESIGN_REVIEW_v0.3.md,design-review,/home/hatch/workspace/msve-design/MSVE_DESIGN_REVIEW_v0.3.md,NOT RECORDED,2026-10-09T09:40:59Z,11215,f5ff1f5fd0870aa3b4e96f03d261b3e391af2f001ba37ebf4203bd9eba5d298c,ORIGINAL-PRESERVED,ORIGINAL-PRESERVED / HASH-VERIFIED,HIGH,,Byte-identical copy verified against source at archival time
MSVE-0363,MSVE_DESIGN_REVIEW_v0.4.md,history-bank/specifications/design-reviews/MSVE_DESIGN_REVIEW_v0.4.md,design-review,/home/hatch/workspace/msve-design/MSVE_DESIGN_REVIEW_v0.4.md,NOT RECORDED,2026-10-09T09:58:42Z,8403,12c7989420491f881a7a7dcabe83dd16b8a16ff7a454f4bc76601d7346a1857d,ORIGINAL-PRESERVED,ORIGINAL-PRESERVED / HASH-VERIFIED,HIGH,,Byte-identical copy verified against source at archival time
MSVE-0364,MSVE_DESIGN_REVIEW_v0.5.md,history-bank/specifications/design-reviews/MSVE_DESIGN_REVIEW_v0.5.md,design-review,/home/hatch/workspace/msve-design/MSVE_DESIGN_REVIEW_v0.5.md,NOT RECORDED,2026-10-09T10:14:51Z,10208,ddfa00dc084ac2752c8fa8187f4a0a7eede27989e29264cd2ab6807060dc1bf3,ORIGINAL-PRESERVED,ORIGINAL-PRESERVED / HASH-VERIFIED,HIGH,,Byte-identical copy verified against source at archival time
MSVE-0365,MSVE_DESIGN_REVIEW_v0.6.md,history-bank/specifications/design-reviews/MSVE_DESIGN_REVIEW_v0.6.md,design-review,/home/hatch/workspace/msve-design/MSVE_DESIGN_REVIEW_v0.6.md,NOT RECORDED,2026-10-09T10:36:43Z,9706,9ca4d40fa3f69de548627d94895fc8776d1204b84bdbc068af9ac0fd9089bbb3,ORIGINAL-PRESERVED,ORIGINAL-PRESERVED / HASH-VERIFIED,HIGH,,Byte-identical copy verified against source at archival time
MSVE-0366,MSVE_DESIGN_REVIEW_v0.7.md,history-bank/specifications/design-reviews/MSVE_DESIGN_REVIEW_v0.7.md,design-review,/home/hatch/workspace/msve-design/MSVE_DESIGN_REVIEW_v0.7.md,NOT RECORDED,2026-10-09T11:00:05Z,7493,0875cf5c888d5b43a634502ad2ae254fe173cbe0443787e8ac6a9821d6c423de,ORIGINAL-PRESERVED,ORIGINAL-PRESERVED / HASH-VERIFIED,HIGH,,Byte-identical copy verified against source at archival time
MSVE-0367,MSVE_DESIGN_REVIEW_v0.8.md,history-bank/specifications/design-reviews/MSVE_DESIGN_REVIEW_v0.8.md,design-review,/home/hatch/workspace/msve-design/MSVE_DESIGN_REVIEW_v0.8.md,NOT RECORDED,2026-10-09T11:44:44Z,11050,d5650027ba245e0c9c6d688960e1322a465527945624fc713d7c5879d7814949,ORIGINAL-PRESERVED,ORIGINAL-PRESERVED / HASH-VERIFIED,HIGH,,Byte-identical copy verified against source at archival time
MSVE-0368,MSVE_CAPABILITY_MATRIX_v0.1.md,history-bank/specifications/capability-matrices/MSVE_CAPABILITY_MATRIX_v0.1.md,capability-matrix,/home/hatch/workspace/msve-design/MSVE_CAPABILITY_MATRIX_v0.1.md,NOT RECORDED,2026-10-09T09:04:26Z,6359,3bc729b79679c2d0b728ebc09fbc613558cd0533f806387e5ed4a9134f090510,ORIGINAL-PRESERVED,ORIGINAL-PRESERVED / HASH-VERIFIED,HIGH,,Byte-identical copy verified against source at archival time
MSVE-0369,MSVE_CAPABILITY_MATRIX_v0.2.md,history-bank/specifications/capability-matrices/MSVE_CAPABILITY_MATRIX_v0.2.md,capability-matrix,/home/hatch/workspace/msve-design/MSVE_CAPABILITY_MATRIX_v0.2.md,NOT RECORDED,2026-10-09T09:20:32Z,7798,f415443f9b851c1b0e2880736e1f16cb824cedf474c50125039572ccf655facd,ORIGINAL-PRESERVED,ORIGINAL-PRESERVED / HASH-VERIFIED,HIGH,,Byte-identical copy verified against source at archival time
MSVE-0370,MSVE_CAPABILITY_MATRIX_v0.3.md,history-bank/specifications/capability-matrices/MSVE_CAPABILITY_MATRIX_v0.3.md,capability-matrix,/home/hatch/workspace/msve-design/MSVE_CAPABILITY_MATRIX_v0.3.md,NOT RECORDED,2026-10-09T09:39:51Z,7066,d8a0a981ad345a313c79e466b3c06fb401113fdc2936034de4c5879d92fb11ce,ORIGINAL-PRESERVED,ORIGINAL-PRESERVED / HASH-VERIFIED,HIGH,,Byte-identical copy verified against source at archival time
MSVE-0371,MSVE_CAPABILITY_MATRIX_v0.4.md,history-bank/specifications/capability-matrices/MSVE_CAPABILITY_MATRIX_v0.4.md,capability-matrix,/home/hatch/workspace/msve-design/MSVE_CAPABILITY_MATRIX_v0.4.md,NOT RECORDED,2026-10-09T09:58:06Z,6859,5a5aad76a4f25e0b3fa06fe9fd00048ec6144f15bcfb58c2ad460a4b357faed7,ORIGINAL-PRESERVED,ORIGINAL-PRESERVED / HASH-VERIFIED,HIGH,,Byte-identical copy verified against source at archival time
MSVE-0372,MSVE_CAPABILITY_MATRIX_v0.5.md,history-bank/specifications/capability-matrices/MSVE_CAPABILITY_MATRIX_v0.5.md,capability-matrix,/home/hatch/workspace/msve-design/MSVE_CAPABILITY_MATRIX_v0.5.md,NOT RECORDED,2026-10-09T10:12:43Z,5728,53a16a04cddffcdc8e2407c7c048bd9c6c2f24381541b2c45d164413b8a7c620,ORIGINAL-PRESERVED,ORIGINAL-PRESERVED / HASH-VERIFIED,HIGH,,Byte-identical copy verified against source at archival time
MSVE-0373,MSVE_CAPABILITY_MATRIX_v0.6.md,history-bank/specifications/capability-matrices/MSVE_CAPABILITY_MATRIX_v0.6.md,capability-matrix,/home/hatch/workspace/msve-design/MSVE_CAPABILITY_MATRIX_v0.6.md,NOT RECORDED,2026-10-09T10:35:45Z,6095,c3ae763ebef596c9446a25edfa104f5dca73be71fbda248334f0339e6f4f526a,ORIGINAL-PRESERVED,ORIGINAL-PRESERVED / HASH-VERIFIED,HIGH,,Byte-identical copy verified against source at archival time
MSVE-0374,MSVE_CAPABILITY_MATRIX_v0.7.md,history-bank/specifications/capability-matrices/MSVE_CAPABILITY_MATRIX_v0.7.md,capability-matrix,/home/hatch/workspace/msve-design/MSVE_CAPABILITY_MATRIX_v0.7.md,NOT RECORDED,2026-10-09T10:58:40Z,5835,1584d62e162cbe75adf5cb547f6238a9c213e9f2b13ca755fb43b282b4c63073,ORIGINAL-PRESERVED,ORIGINAL-PRESERVED / HASH-VERIFIED,HIGH,,Byte-identical copy verified against source at archival time
MSVE-0375,MSVE_CAPABILITY_MATRIX_v0.8.md,history-bank/specifications/capability-matrices/MSVE_CAPABILITY_MATRIX_v0.8.md,capability-matrix,/home/hatch/workspace/msve-design/MSVE_CAPABILITY_MATRIX_v0.8.md,NOT RECORDED,2026-10-09T11:34:32Z,2004,542fa10cd3a8cee9e5920342f971137c166cad8f0dedd923da2627cfcb420b27,ORIGINAL-PRESERVED,ORIGINAL-PRESERVED / HASH-VERIFIED,HIGH,,Byte-identical copy verified against source at archival time
MSVE-0376,MSVE_ACCEPTANCE_PLAN_v0.1.md,history-bank/specifications/acceptance-plans/MSVE_ACCEPTANCE_PLAN_v0.1.md,acceptance-plan,/home/hatch/workspace/msve-design/MSVE_ACCEPTANCE_PLAN_v0.1.md,NOT RECORDED,2026-10-09T09:04:39Z,6093,49c3d566284df85f4fe353f7e24100af261e46e2aa2b1f43293c6c4d3af49915,ORIGINAL-PRESERVED,ORIGINAL-PRESERVED / HASH-VERIFIED,HIGH,,Byte-identical copy verified against source at archival time
MSVE-0377,MSVE_ACCEPTANCE_PLAN_v0.2.md,history-bank/specifications/acceptance-plans/MSVE_ACCEPTANCE_PLAN_v0.2.md,acceptance-plan,/home/hatch/workspace/msve-design/MSVE_ACCEPTANCE_PLAN_v0.2.md,NOT RECORDED,2026-10-09T09:20:43Z,10859,178e07e8bc3108d6e1e9ecc41a6f0201da909138cd6796c92a17749803f82bdb,ORIGINAL-PRESERVED,ORIGINAL-PRESERVED / HASH-VERIFIED,HIGH,,Byte-identical copy verified against source at archival time
MSVE-0378,MSVE_ACCEPTANCE_PLAN_v0.3.md,history-bank/specifications/acceptance-plans/MSVE_ACCEPTANCE_PLAN_v0.3.md,acceptance-plan,/home/hatch/workspace/msve-design/MSVE_ACCEPTANCE_PLAN_v0.3.md,NOT RECORDED,2026-10-09T09:40:11Z,10076,d722aa5e5a55e866f8afff2cb6a18aa0c075c2e08f6fc97984da12c600b8964f,ORIGINAL-PRESERVED,ORIGINAL-PRESERVED / HASH-VERIFIED,HIGH,,Byte-identical copy verified against source at archival time
MSVE-0379,MSVE_ACCEPTANCE_PLAN_v0.4.md,history-bank/specifications/acceptance-plans/MSVE_ACCEPTANCE_PLAN_v0.4.md,acceptance-plan,/home/hatch/workspace/msve-design/MSVE_ACCEPTANCE_PLAN_v0.4.md,NOT RECORDED,2026-10-09T09:58:17Z,9129,3f0baed3a713d5714c3b06674d275959ffac34067b2eb60714e86f2128d53f7a,ORIGINAL-PRESERVED,ORIGINAL-PRESERVED / HASH-VERIFIED,HIGH,,Byte-identical copy verified against source at archival time
MSVE-0380,MSVE_ACCEPTANCE_PLAN_v0.5.md,history-bank/specifications/acceptance-plans/MSVE_ACCEPTANCE_PLAN_v0.5.md,acceptance-plan,/home/hatch/workspace/msve-design/MSVE_ACCEPTANCE_PLAN_v0.5.md,NOT RECORDED,2026-10-09T10:12:55Z,8982,02465482291f79aeeda11a0db43ef22579a51f7292ae01041ea91cdd2a608706,ORIGINAL-PRESERVED,ORIGINAL-PRESERVED / HASH-VERIFIED,HIGH,,Byte-identical copy verified against source at archival time
MSVE-0381,MSVE_ACCEPTANCE_PLAN_v0.6.md,history-bank/specifications/acceptance-plans/MSVE_ACCEPTANCE_PLAN_v0.6.md,acceptance-plan,/home/hatch/workspace/msve-design/MSVE_ACCEPTANCE_PLAN_v0.6.md,NOT RECORDED,2026-10-09T10:35:54Z,9845,6747c8c8e7228168cf51848d24fbf9e3cf652e0922b36609d6fa3bfacd0aebc1,ORIGINAL-PRESERVED,ORIGINAL-PRESERVED / HASH-VERIFIED,HIGH,,Byte-identical copy verified against source at archival time
MSVE-0382,MSVE_ACCEPTANCE_PLAN_v0.7.md,history-bank/specifications/acceptance-plans/MSVE_ACCEPTANCE_PLAN_v0.7.md,acceptance-plan,/home/hatch/workspace/msve-design/MSVE_ACCEPTANCE_PLAN_v0.7.md,NOT RECORDED,2026-10-09T10:58:48Z,7844,afb08ad88db7ce114118e449d8f2e2f0330abf2fe389b65ea11de1408a25f908,ORIGINAL-PRESERVED,ORIGINAL-PRESERVED / HASH-VERIFIED,HIGH,,Byte-identical copy verified against source at archival time
MSVE-0383,MSVE_ACCEPTANCE_PLAN_v0.8.md,history-bank/specifications/acceptance-plans/MSVE_ACCEPTANCE_PLAN_v0.8.md,acceptance-plan,/home/hatch/workspace/msve-design/MSVE_ACCEPTANCE_PLAN_v0.8.md,NOT RECORDED,2026-10-09T11:34:40Z,8848,8ee1c526f135cce7615612777859859fa3426bc8f281cdaf8b829f73cf490856,ORIGINAL-PRESERVED,ORIGINAL-PRESERVED / HASH-VERIFIED,HIGH,,Byte-identical copy verified against source at archival time
MSVE-0384,MSVE_DESIGN_SPEC_v0.1.md,history-bank/specifications/design-specs/MSVE_DESIGN_SPEC_v0.1.md,specification,/home/hatch/workspace/msve-design/MSVE_DESIGN_SPEC_v0.1.md,NOT RECORDED,2026-10-09T09:04:17Z,23281,d32d9789e3273ce7009a761e77fecde959006770fc5e1dcb9a63e5f524162602,ORIGINAL-PRESERVED,ORIGINAL-PRESERVED / HASH-VERIFIED,HIGH,,Byte-identical copy verified against source at archival time
MSVE-0385,MSVE_DESIGN_SPEC_v0.2.md,history-bank/specifications/design-specs/MSVE_DESIGN_SPEC_v0.2.md,specification,/home/hatch/workspace/msve-design/MSVE_DESIGN_SPEC_v0.2.md,NOT RECORDED,2026-10-09T09:20:24Z,40100,e9c4a8bec84f56a890df3e911fecb527b709878db975c22542be1afb7aea187b,ORIGINAL-PRESERVED,ORIGINAL-PRESERVED / HASH-VERIFIED,HIGH,,Byte-identical copy verified against source at archival time
MSVE-0386,MSVE_DESIGN_SPEC_v0.3.md,history-bank/specifications/design-specs/MSVE_DESIGN_SPEC_v0.3.md,specification,/home/hatch/workspace/msve-design/MSVE_DESIGN_SPEC_v0.3.md,NOT RECORDED,2026-10-09T09:40:43Z,42763,d9fd8e594560f4b0ead46511998655d0f3a64a9a556e2ee0d8aacb4a2ea244f9,ORIGINAL-PRESERVED,ORIGINAL-PRESERVED / HASH-VERIFIED,HIGH,,Byte-identical copy verified against source at archival time
MSVE-0387,MSVE_DESIGN_SPEC_v0.4.md,history-bank/specifications/design-specs/MSVE_DESIGN_SPEC_v0.4.md,specification,/home/hatch/workspace/msve-design/MSVE_DESIGN_SPEC_v0.4.md,NOT RECORDED,2026-10-09T09:58:31Z,37432,58fc6f889943415aa70a3dc4936dcf5fc545ebb45dd705332cfa8d617855926c,ORIGINAL-PRESERVED,ORIGINAL-PRESERVED / HASH-VERIFIED,HIGH,,Byte-identical copy verified against source at archival time
MSVE-0388,MSVE_DESIGN_SPEC_v0.5.md,history-bank/specifications/design-specs/MSVE_DESIGN_SPEC_v0.5.md,specification,/home/hatch/workspace/msve-design/MSVE_DESIGN_SPEC_v0.5.md,NOT RECORDED,2026-10-09T10:14:34Z,34562,713757ac6b1d963987e54815c239ebcd12a61f2edb93e96677a435b962cfa8e3,ORIGINAL-PRESERVED,ORIGINAL-PRESERVED / HASH-VERIFIED,HIGH,,Byte-identical copy verified against source at archival time
MSVE-0389,MSVE_DESIGN_SPEC_v0.6.md,history-bank/specifications/design-specs/MSVE_DESIGN_SPEC_v0.6.md,specification,/home/hatch/workspace/msve-design/MSVE_DESIGN_SPEC_v0.6.md,NOT RECORDED,2026-10-09T10:36:24Z,51811,8c863c40222c343b63c46fd181434eff3f906e30d4d29e5506f40fa660c3befc,ORIGINAL-PRESERVED,ORIGINAL-PRESERVED / HASH-VERIFIED,HIGH,,Byte-identical copy verified against source at archival time
MSVE-0390,MSVE_DESIGN_SPEC_v0.7.md,history-bank/specifications/design-specs/MSVE_DESIGN_SPEC_v0.7.md,specification,/home/hatch/workspace/msve-design/MSVE_DESIGN_SPEC_v0.7.md,NOT RECORDED,2026-10-09T10:59:40Z,53214,0cc89f7319346546426a235c826623b9dcbc56ef15753f647392df2c277d6518,ORIGINAL-PRESERVED,ORIGINAL-PRESERVED / HASH-VERIFIED,HIGH,,Byte-identical copy verified against source at archival time
MSVE-0391,MSVE_DESIGN_SPEC_v0.8.md,history-bank/specifications/design-specs/MSVE_DESIGN_SPEC_v0.8.md,specification,/home/hatch/workspace/msve-design/MSVE_DESIGN_SPEC_v0.8.md,NOT RECORDED,2026-10-09T11:43:04Z,75861,377e106ef2b00db648c18beeed798bcf91804f1cbe3813853a62c1385474715d,ORIGINAL-PRESERVED,ORIGINAL-PRESERVED / HASH-VERIFIED,HIGH,,Byte-identical copy verified against source at archival time
MSVE-0392,MSVE_DESIGN_SPEC_v0.8.md,candidate/0.8.8.1/MSVE_DESIGN_SPEC_v0.8.md,candidate-artifact,/home/hatch/workspace/msve-design/work-order-0.8.8.1-candidate/MSVE_DESIGN_SPEC_v0.8.md,0.8.8.1-FINAL,2026-10-09,96366,dbc610c3a97d7107ab0f4de499b240e243f45c49b56f0a1855b7333c80cb7782,ORIGINAL-PRESERVED,ORIGINAL-PRESERVED / HASH-VERIFIED,HIGH,,Archived in initial commit b890636e; hash matches expected value
MSVE-0393,audit_model_0881.py,candidate/0.8.8.1/audit_model_0881.py,candidate-artifact,/home/hatch/workspace/msve-design/work-order-0.8.8.1-candidate/audit_model_0881.py,0.8.8.1-FINAL,2026-10-09,21788,fc6eb49f50eae04595495af05058d52f7c27b0d5b29aa3e16254a33f66be31ae,ORIGINAL-PRESERVED,ORIGINAL-PRESERVED / HASH-VERIFIED,HIGH,,Archived in initial commit b890636e; hash matches expected value
MSVE-0394,run_audit_0881.py,candidate/0.8.8.1/run_audit_0881.py,candidate-artifact,/home/hatch/workspace/msve-design/work-order-0.8.8.1-candidate/run_audit_0881.py,0.8.8.1-FINAL,2026-10-09,10120,c750ef5c37a132893908c1bfaf4070e67d5a842e7043684e95f05a1936711f83,ORIGINAL-PRESERVED,ORIGINAL-PRESERVED / HASH-VERIFIED,HIGH,,Archived in initial commit b890636e; hash matches expected value
MSVE-0395,run_audit_0881_raw.log,candidate/0.8.8.1/run_audit_0881_raw.log,candidate-artifact,/home/hatch/workspace/msve-design/work-order-0.8.8.1-candidate/run_audit_0881_raw.log,0.8.8.1-FINAL,2026-10-09,852,525cd40667f96be4d297f5be39a8c02e72ddf7f1644b7e3a31c73006082b480a,ORIGINAL-PRESERVED,ORIGINAL-PRESERVED / HASH-VERIFIED,HIGH,,Archived in initial commit b890636e; hash matches expected value
MSVE-0396,00_START_HERE_AND_CURRENT_STATUS.md,records/continuity-export-01/00_START_HERE_AND_CURRENT_STATUS.md,continuity-record,/home/hatch/workspace/msve-design/msve-chatgpt-continuity/00_START_HERE_AND_CURRENT_STATUS.md,continuity-export-01,2026-10-09,4079,87ff9bcc4c01368a098eadafcef15df834aaa6371ddf6405cb6321c37a160aa9,ORIGINAL-PRESERVED,ORIGINAL-PRESERVED / HASH-VERIFIED,HIGH,,Archived in initial commit b890636e
MSVE-0397,01_COMPLETE_WORK_ORDER_TIMELINE.md,records/continuity-export-01/01_COMPLETE_WORK_ORDER_TIMELINE.md,continuity-record,/home/hatch/workspace/msve-design/msve-chatgpt-continuity/01_COMPLETE_WORK_ORDER_TIMELINE.md,continuity-export-01,2026-10-09,8153,99668189e11957e57afcfad9f9e97f92d38f577f823406dd1aff815f6699d7da,ORIGINAL-PRESERVED,ORIGINAL-PRESERVED / HASH-VERIFIED,HIGH,,Archived in initial commit b890636e
MSVE-0398,02_FINDING_AND_CORRECTION_LEDGER.md,records/continuity-export-01/02_FINDING_AND_CORRECTION_LEDGER.md,continuity-record,/home/hatch/workspace/msve-design/msve-chatgpt-continuity/02_FINDING_AND_CORRECTION_LEDGER.md,continuity-export-01,2026-10-09,5549,934fd0a43f48fa6b4bcdb0bb39e9791e75c49e665eb70ce89f2cd4b66ab8a9fb,ORIGINAL-PRESERVED,ORIGINAL-PRESERVED / HASH-VERIFIED,HIGH,,Archived in initial commit b890636e
MSVE-0399,03_CURRENT_SPECIFICATION_AND_MODEL_CONTRACT.md,records/continuity-export-01/03_CURRENT_SPECIFICATION_AND_MODEL_CONTRACT.md,continuity-record,/home/hatch/workspace/msve-design/msve-chatgpt-continuity/03_CURRENT_SPECIFICATION_AND_MODEL_CONTRACT.md,continuity-export-01,2026-10-09,5527,b60326e3bd2d13642e13565018e0714cd897f080b0f18e8b9ebd04c2e4d6b5e6,ORIGINAL-PRESERVED,ORIGINAL-PRESERVED / HASH-VERIFIED,HIGH,,Archived in initial commit b890636e
MSVE-0400,04_FORMAL_VERIFICATION_AND_TEST_EVIDENCE.md,records/continuity-export-01/04_FORMAL_VERIFICATION_AND_TEST_EVIDENCE.md,continuity-record,/home/hatch/workspace/msve-design/msve-chatgpt-continuity/04_FORMAL_VERIFICATION_AND_TEST_EVIDENCE.md,continuity-export-01,2026-10-09,4077,753a150b6d6271366eac1f73bec19c266543fbe621b8b3e1d050f8ab2f267a00,ORIGINAL-PRESERVED,ORIGINAL-PRESERVED / HASH-VERIFIED,HIGH,,Archived in initial commit b890636e
MSVE-0401,05_INDEPENDENT_REVIEW_AND_GOVERNANCE_HISTORY.md,records/continuity-export-01/05_INDEPENDENT_REVIEW_AND_GOVERNANCE_HISTORY.md,continuity-record,/home/hatch/workspace/msve-design/msve-chatgpt-continuity/05_INDEPENDENT_REVIEW_AND_GOVERNANCE_HISTORY.md,continuity-export-01,2026-10-09,2947,01387a75d10aeda89e500cd618f4c9647365973304d6a392191c2dd1a08f5ecc,ORIGINAL-PRESERVED,ORIGINAL-PRESERVED / HASH-VERIFIED,HIGH,,Archived in initial commit b890636e
MSVE-0402,06_OWNER_DECISIONS_AND_OPEN_QUESTIONS.md,records/continuity-export-01/06_OWNER_DECISIONS_AND_OPEN_QUESTIONS.md,continuity-record,/home/hatch/workspace/msve-design/msve-chatgpt-continuity/06_OWNER_DECISIONS_AND_OPEN_QUESTIONS.md,continuity-export-01,2026-10-09,3106,17888b6f42c34dff1fba7d1abc946ead5da3b48d1fba07033d8e3464fa0f2bc4,ORIGINAL-PRESERVED,ORIGINAL-PRESERVED / HASH-VERIFIED,HIGH,,Archived in initial commit b890636e
MSVE-0403,07_SOURCE_MANIFEST_AND_CROSS_REFERENCE.md,records/continuity-export-01/07_SOURCE_MANIFEST_AND_CROSS_REFERENCE.md,continuity-record,/home/hatch/workspace/msve-design/msve-chatgpt-continuity/07_SOURCE_MANIFEST_AND_CROSS_REFERENCE.md,continuity-export-01,2026-10-09,5251,428d98c5ded0a61aeca6012a25a5bf82906ac8de8b3242263567e0173691beb1,ORIGINAL-PRESERVED,ORIGINAL-PRESERVED / HASH-VERIFIED,HIGH,,Archived in initial commit b890636e
MSVE-0404,"F-19 2,998-value sweep (unpreserved)",NOT ARCHIVED,numerical-sweep,NOT ACCESSIBLE,NOT RECORDED,NOT RECORDED,NOT RECORDED,NOT RECORDED,UNAVAILABLE,UNAVAILABLE,N/A,,Claimed executed during v0.4 review; script and output not preserved. Cannot be re-verified.
MSVE-0405,Reviewer B 0.8.1 collision-sweep script,NOT ARCHIVED,review-script,NOT ACCESSIBLE,NOT RECORDED,NOT RECORDED,NOT RECORDED,NOT RECORDED,UNAVAILABLE,UNAVAILABLE,N/A,,Referenced in review; script file not preserved in workspace.
MSVE-0406,0.8.7 post-R1-4 full stdout,NOT ARCHIVED,raw-log,NOT ACCESSIBLE,NOT RECORDED,NOT RECORDED,NOT RECORDED,NOT RECORDED,UNAVAILABLE,UNAVAILABLE,N/A,,18/18 raw log at 14:05:48Z predates final R1-driven model change ~14:08Z; post-change stdout not preserved.
MSVE-0407,"Pre-0.8 work order records (0, 0.1, 0.2, 0.4, 0.6, 0.7 passes)",NOT ARCHIVED,work-records,NOT ACCESSIBLE,NOT RECORDED,NOT RECORDED,NOT RECORDED,NOT RECORDED,SUMMARY-ONLY,SUMMARY-ONLY,N/A,,Work orders 0-0.2 and 0.4 predate manifest discipline; known only from dated memory log and continuity timeline.
MSVE-0408,sat_models_0881.json full model assignments,NOT ARCHIVED,solver-witness,NOT ACCESSIBLE,NOT RECORDED,NOT RECORDED,NOT RECORDED,NOT RECORDED,SUMMARY-ONLY,SUMMARY-ONLY,N/A,,"Witness file stores truncated model strings, not complete assignments."
MSVE-0409,MSVE git history (pre-bank),NOT ARCHIVED,vcs-history,NOT ACCESSIBLE,NOT RECORDED,NOT RECORDED,NOT RECORDED,NOT RECORDED,UNAVAILABLE,UNAVAILABLE,N/A,,No git repository existed for MSVE before MSVE-REPO-001; workspace was directory-based.
MSVE-0410,2026-10-09.md,history-bank/source-records/dated-project-log-2026-10-09.md,dated-project-log,/home/hatch/memory/2026-10-09.md,2026-10-09,2026-10-09T16:26:46Z,177005,1eced90967f6a6d5c4e52a3ec3cab77321285b2c34749a84fdd36875608cf247,ORIGINAL-PRESERVED,ORIGINAL-PRESERVED / HASH-VERIFIED,HIGH,,Byte-identical copy of ~/memory/2026-10-09.md; primary source for morning-phase MSVE timeline; scanned clean before archival
MSVE-0411,PROVENANCE_NOTE.md,history-bank/source-records/PROVENANCE_NOTE.md,provenance-note,Created in-repo by MSVE-HISTORY-CHECK-001,2026-10-09,2026-10-09T16:26:51Z,1089,c31121408b2e912355fb60e167dc25cbcb1d1bb0857312757e7e7423c10219ec,ORIGINAL-PRESERVED,ORIGINAL-PRESERVED / HASH-VERIFIED,HIGH,,Created by MSVE-HISTORY-CHECK-001 to document the dated log's origin and scope
